category,file,source_page,author,license
crossing_gate,crossing_gate_1.jpg,"https://commons.wikimedia.org/wiki/File:%D0%A1%D0%B0%D0%BD%D0%BA%D1%82-%D0%9F%D0%B5%D1%82%D0%B5%D1%80%D0%B1%D1%83%D1%80%D0%B3,_%D0%BF%D0%B5%D1%80%D0%B5%D0%B5%D0%B7%D0%B4_%D0%BD%D0%B0_%D0%9A%D0%BE%D1%81%D0%BE%D0%B9_%D0%BB%D0%B8%D0%BD%D0%B8%D0%B8_(1).jpg",Nikolai Bulykin,CC BY-SA 4.0
crossing_gate,crossing_gate_2023-01-07-station-diemen-overweg-tijdelijke-ouddiemerlaan-1.jpg,https://commons.wikimedia.org/wiki/File:2023-01-07_Station_Diemen_overweg_Tijdelijke_Ouddiemerlaan_(1).jpg,Fantaglobe11,CC BY-SA 4.0
crossing_gate,crossing_gate_2023-01-07-station-diemen-overweg-tijdelijke-ouddiemerlaan-2.jpg,https://commons.wikimedia.org/wiki/File:2023-01-07_Station_Diemen_overweg_Tijdelijke_Ouddiemerlaan_(2).jpg,Fantaglobe11,CC BY-SA 4.0
crossing_gate,crossing_gate_2023-01-07-station-diemen-overweg-tijdelijke-ouddiemerlaan-3.jpg,https://commons.wikimedia.org/wiki/File:2023-01-07_Station_Diemen_overweg_Tijdelijke_Ouddiemerlaan_(3).jpg,Fantaglobe11,CC BY-SA 4.0
crossing_gate,crossing_gate_2023-01-15-station-veenendaal-de-klomp-stationsgebouw-1.jpg,https://commons.wikimedia.org/wiki/File:2023-01-15_Station_Veenendaal-De_Klomp_stationsgebouw_(1).jpg,Fantaglobe11,CC BY-SA 4.0
crossing_gate,crossing_gate_2023-01-15-station-veenendaal-de-klomp-stationsgebouw-2.jpg,https://commons.wikimedia.org/wiki/File:2023-01-15_Station_Veenendaal-De_Klomp_stationsgebouw_(2).jpg,Fantaglobe11,CC BY-SA 4.0
crossing_gate,crossing_gate_2023-02-21-station-olst-overweg-1.jpg,https://commons.wikimedia.org/wiki/File:2023-02-21_Station_Olst_overweg_(1).jpg,Fantaglobe11,CC BY-SA 4.0
crossing_gate,crossing_gate_2023-02-21-station-olst-overweg-2.jpg,https://commons.wikimedia.org/wiki/File:2023-02-21_Station_Olst_overweg_(2).jpg,Fantaglobe11,CC BY-SA 4.0
crossing_gate,crossing_gate_2023-02-21-station-olst-spoorzijde-noordkant.jpg,https://commons.wikimedia.org/wiki/File:2023-02-21_Station_Olst_spoorzijde_noordkant.jpg,Fantaglobe11,CC BY-SA 4.0
crossing_gate,crossing_gate_2023-02-21-station-olst-westzijde-1.jpg,https://commons.wikimedia.org/wiki/File:2023-02-21_Station_Olst_westzijde_(1).jpg,Fantaglobe11,CC BY-SA 4.0
crossing_gate,crossing_gate_2023-05-27-station-ommen-overweg.jpg,https://commons.wikimedia.org/wiki/File:2023-05-27_Station_Ommen_overweg.jpg,Fantaglobe11,CC BY-SA 4.0
crossing_gate,crossing_gate_2023-06-03-station-hoorn-overweg-1.jpg,https://commons.wikimedia.org/wiki/File:2023-06-03_Station_Hoorn_overweg_(1).jpg,Fantaglobe11,CC BY-SA 4.0
crossing_gate,crossing_gate_2023-06-03-station-hoorn-overweg-2.jpg,https://commons.wikimedia.org/wiki/File:2023-06-03_Station_Hoorn_overweg_(2).jpg,Fantaglobe11,CC BY-SA 4.0
crossing_gate,crossing_gate_2025-03-18-station-boxmeer-overweg.jpg,https://commons.wikimedia.org/wiki/File:2025-03-18_Station_Boxmeer_overweg.jpg,Fantaglobe11,CC BY-SA 4.0
crossing_gate,crossing_gate_2025-03-18-station-cuijk-overweg.jpg,https://commons.wikimedia.org/wiki/File:2025-03-18_Station_Cuijk_overweg.jpg,Fantaglobe11,CC BY-SA 4.0
crossing_gate,crossing_gate_3.jpg,"https://commons.wikimedia.org/wiki/File:%D0%A1%D0%B0%D0%BD%D0%BA%D1%82-%D0%9F%D0%B5%D1%82%D0%B5%D1%80%D0%B1%D1%83%D1%80%D0%B3,_%D0%BF%D0%B5%D1%80%D0%B5%D0%B5%D0%B7%D0%B4_%D0%BD%D0%B0_%D0%9A%D0%BE%D1%81%D0%BE%D0%B9_%D0%BB%D0%B8%D0%BD%D0%B8%D0%B8_(3).jpg",Nikolai Bulykin,CC BY-SA 4.0
crossing_gate,crossing_gate_35th-road-rr-xing-at-new-york-connecting-railroad-in-queens.jpg,https://commons.wikimedia.org/wiki/File:35th_Road_RR_Xing_at_New_York_Connecting_Railroad_in_Queens.jpg,DanTD,CC BY-SA 4.0
crossing_gate,crossing_gate_alc-ovas-halt.jpg,https://commons.wikimedia.org/wiki/File:Alc%C3%A1%C3%A7ovas_Halt.jpg,"Antero Pires from Corroios, Portugal",CC BY-SA 2.0
crossing_gate,crossing_gate_ash-station-and-level-crossing-barrier-geograph-org-uk-28576.jpg,https://commons.wikimedia.org/wiki/File:Ash_Station_and_level_crossing_barrier_-_geograph.org.uk_-_2857636.jpg,N Chadwick,CC BY-SA 2.0
crossing_gate,crossing_gate_bahn-bergang-izs-kistrasse-2024-kiskunf-legyh-za.jpg,"https://commons.wikimedia.org/wiki/File:Bahn%C3%BCbergang,_Izs%C3%A1kistrasse,_2024_Kiskunf%C3%A9legyh%C3%A1za.jpg",Globetrotter19,CC BY-SA 4.0
crossing_gate,crossing_gate_bahn-bergang-sz-p-stra-e-2025-vecs-s.jpg,"https://commons.wikimedia.org/wiki/File:Bahn%C3%BCbergang,_Sz%C3%A9p_Stra%C3%9Fe,_2025_Vecs%C3%A9s.jpg",Globetrotter19,CC BY-SA 4.0
crossing_gate,crossing_gate_barrier-closing-on-railway-level-crossing-geograph-org-uk-57.jpg,https://commons.wikimedia.org/wiki/File:Barrier_closing_on_railway_level_crossing_-_geograph.org.uk_-_5757117.jpg,Martin Dawes,CC BY-SA 2.0
crossing_gate,crossing_gate_barrier-rising-at-truro-level-crossing-geograph-org-uk-47268.jpg,https://commons.wikimedia.org/wiki/File:Barrier_rising_at_Truro_Level_Crossing_-_geograph.org.uk_-_4726871.jpg,Jaggery,CC BY-SA 2.0
crossing_gate,crossing_gate_barriers-down-across-ferryside-railway-station-level-crossin.jpg,https://commons.wikimedia.org/wiki/File:Barriers_down_across_Ferryside_railway_station_level_crossing_-_geograph.org.uk_-_4583354.jpg,Jaggery,CC BY-SA 2.0
crossing_gate,crossing_gate_boom-barriers-breakage-by-japan-tokyo.jpg,https://commons.wikimedia.org/wiki/File:Boom_barriers_Breakage_by_Japan_Tokyo.jpg,根川孝太郎 (Kotaro Negawa),CC BY-SA 4.0
crossing_gate,crossing_gate_brixen-im-thale-haltestelle-2005.jpg,https://commons.wikimedia.org/wiki/File:Brixen_im_Thale_Haltestelle_2005.jpg,Linie29,CC BY-SA 4.0
crossing_gate,crossing_gate_brompton-automatic-half-barrier-level-crossing-geograph-org-.jpg,https://commons.wikimedia.org/wiki/File:Brompton_Automatic_Half_Barrier_Level_Crossing_-_geograph.org.uk_-_294450.jpg,Nick W,CC BY-SA 2.0
crossing_gate,crossing_gate_ch287-canterbury-provincial-government-archives-inwards-corr.jpg,"https://commons.wikimedia.org/wiki/File:CH287_-_Canterbury_Provincial_Government_Archives,_Inwards_Correspondence_of_the_Secretary_for_Public_Works_%26_CH86_-_Ministry_of_Works_Maps_and_Plans_(27429342355).jpg",Archives New Zealand from New Zealand,CC BY-SA 2.0
crossing_gate,crossing_gate_city-hall-lebanon-pa-with-lowered-railroad-crossing-gate-pos.jpg,"https://commons.wikimedia.org/wiki/File:City_Hall,_Lebanon,_Pa._-_with_lowered_railroad_crossing_gate_%E2%80%93_postcard_-_ca._1910.jpg",Philadelphia publisher,Public domain
crossing_gate,crossing_gate_cp-4000-alfa-pendular-4633130142.jpg,https://commons.wikimedia.org/wiki/File:CP_4000_Alfa_Pendular_(4633130142).jpg,"Tiago Miranda from Valongo, Portugal",CC BY 2.0
crossing_gate,crossing_gate_cp-9630-8228245822.jpg,https://commons.wikimedia.org/wiki/File:CP_9630_(8228245822).jpg,Nelso Silva,CC BY-SA 2.0
crossing_gate,crossing_gate_crossing-in-action-8514491684.jpg,https://commons.wikimedia.org/wiki/File:Crossing_in_action_(8514491684).jpg,"Loozrboy from Toronto, Canada",CC BY-SA 2.0
crossing_gate,crossing_gate_delaware-lackawana-western-railroad-crossing.jpg,https://commons.wikimedia.org/wiki/File:Delaware_lackawana_western_railroad_crossing.jpg,Unknown author Unknown author,Public domain
crossing_gate,crossing_gate_dover-plains-nyc-station-ped-xing-from-railroad-st-to-market.jpg,https://commons.wikimedia.org/wiki/File:Dover_Plains_NYC_Station;_Ped_Xing_from_Railroad_St_to_Market_St.jpg,DanTD,CC BY-SA 4.0
crossing_gate,crossing_gate_esta-o-de-vale-de-figueira-2011-03-03-5512545544.jpg,"https://commons.wikimedia.org/wiki/File:Esta%C3%A7%C3%A3o_de_Vale_de_Figueira,_2011.03.03_(5512545544).jpg","Nuno Morão from Lisboa, Portugal",CC BY-SA 2.0
crossing_gate,crossing_gate_f-ga-railroad-crossing-at-battle-drive-sun-dapples.jpg,https://commons.wikimedia.org/wiki/File:F%26GA_railroad_crossing_at_Battle_Drive_(sun_dapples).jpg,The Bushranger,CC BY-SA 4.0
crossing_gate,crossing_gate_fenwick-gates-geograph-org-uk-42538.jpg,https://commons.wikimedia.org/wiki/File:Fenwick_Gates_-_geograph.org.uk_-_42538.jpg,Stuart and Fiona Jackson,CC BY-SA 2.0
crossing_gate,crossing_gate_fga-crossing-of-driveway-off-roberts-ave.jpg,https://commons.wikimedia.org/wiki/File:FGA_crossing_of_driveway_off_Roberts_Ave.jpg,The Bushranger,CC BY-SA 4.0
crossing_gate,crossing_gate_fga-tallahassee-subdivision-crossing-driveway-at-hough-farm-.jpg,https://commons.wikimedia.org/wiki/File:FGA_Tallahassee_Subdivision_crossing_driveway_at_Hough_Farm_Road.jpg,The Bushranger,CC BY-SA 4.0
crossing_gate,crossing_gate_file-a0373-a0377-unknown-location-railroad-crossing-1906-04-.jpg,https://commons.wikimedia.org/wiki/File:File-A0373-A0377--Unknown_location--Railroad_Crossing_-1906.04.26-_(50bee854-d9fe-421f-90a5-910ee13a10fe).jpg,"Bunnell, Watson B. ( Delaware, Lackawanna & Western Railroad )",Public domain
crossing_gate,crossing_gate_former-railway-crossing-and-crossing-keeper-s-hut-at-erw-ffo.jpg,https://commons.wikimedia.org/wiki/File:Former_railway_crossing_and_crossing_keeper%27s_hut_at_Erw-fforch_-_geograph.org.uk_-_299565.jpg,Eric Jones,CC BY-SA 2.0
crossing_gate,crossing_gate_g-line-pedestrian-crossing-with-railroad-signals.jpg,https://commons.wikimedia.org/wiki/File:G_Line_pedestrian_crossing_with_railroad_signals.jpg,Lars Smiley,Public domain
crossing_gate,crossing_gate_general-view-of-crossing-gate-tower-taken-in-1916-courtesy-o.jpg,"https://commons.wikimedia.org/wiki/File:General_view_of_crossing_gate_tower,_taken_in_1916_(courtesy_of_Erie_Railroad_Company)_(photocopy)_-_Erie_Railway,_Crossing_Gate_Tower,_West_side_of_Lincoln_Street,_100_feet_South_HAER_PA,25-UNCI,5A-1.tif",,Public domain
crossing_gate,crossing_gate_georgia-and-florida-railway-crossing-center-street-perry.jpg,"https://commons.wikimedia.org/wiki/File:Georgia_and_Florida_Railway_crossing_Center_Street,_Perry.jpg",The Bushranger,CC BY-SA 4.0
crossing_gate,crossing_gate_hale-level-crossing-geograph-org-uk-5639105.jpg,https://commons.wikimedia.org/wiki/File:Hale_Level_Crossing_-_geograph.org.uk_-_5639105.jpg,Gerald England,CC BY-SA 2.0
crossing_gate,crossing_gate_haxey-road-2314620103.jpg,https://commons.wikimedia.org/wiki/File:Haxey_Road_(2314620103).jpg,"Ingy The Wingy from Lancashire, England",CC BY-SA 2.0
crossing_gate,crossing_gate_kissimmee-sunrail-station-ped-level-crossing-3.jpg,https://commons.wikimedia.org/wiki/File:Kissimmee_SunRail_station;_Ped_Level_Crossing-3.jpg,DanTD,CC BY-SA 4.0
crossing_gate,crossing_gate_kluse-koopsweg-bahn-bergang-06-ies.jpg,https://commons.wikimedia.org/wiki/File:Kluse_-_Koopsweg_-_Bahn%C3%BCbergang_06_ies.jpg,Frank Vincentz,CC BY-SA 3.0
crossing_gate,crossing_gate_la-segnaletica-luminosa-e-la-barriera-di-un-passaggio-a-live.jpg,https://commons.wikimedia.org/wiki/File:La_segnaletica_luminosa_e_la_barriera_di_un_passaggio_a_livello_automatico_di_tipo_italiano.jpg,VincentLR,CC BY-SA 4.0
crossing_gate,crossing_gate_lebanon-city-hall-building-with-a-raised-railroad-crossing-g.jpg,https://commons.wikimedia.org/wiki/File:Lebanon_City_Hall_Building_with_a_raised_railroad_crossing_gate_%E2%80%93_postcard_-_ca._1912.jpg,Philadelphia publisher,Public domain
crossing_gate,crossing_gate_level-crossing-a142-geograph-org-uk-5593157.jpg,"https://commons.wikimedia.org/wiki/File:Level_crossing,_A142_-_geograph.org.uk_-_5593157.jpg",N Chadwick,CC BY-SA 2.0
crossing_gate,crossing_gate_level-crossing-a142-geograph-org-uk-5867861.jpg,"https://commons.wikimedia.org/wiki/File:Level_crossing,_A142_-_geograph.org.uk_-_5867861.jpg",N Chadwick,CC BY-SA 2.0
crossing_gate,crossing_gate_level-crossing-alsager-geograph-org-uk-4992563.jpg,"https://commons.wikimedia.org/wiki/File:Level_crossing,_Alsager_-_geograph.org.uk_-_4992563.jpg",JThomas,CC BY-SA 2.0
crossing_gate,crossing_gate_level-crossing-and-barrier-on-the-weardale-railway-near-fros.jpg,https://commons.wikimedia.org/wiki/File:Level_crossing_and_barrier_on_the_Weardale_Railway_near_Frosterley_-_geograph.org.uk_-_1423837.jpg,Les Hull,CC BY-SA 2.0
crossing_gate,crossing_gate_level-crossing-at-alsager-station-geograph-org-uk-5306447.jpg,https://commons.wikimedia.org/wiki/File:Level_crossing_at_Alsager_Station_-_geograph.org.uk_-_5306447.jpg,David Lally,CC BY-SA 2.0
crossing_gate,crossing_gate_level-crossing-at-ballasalla-geograph-org-uk-4714770.jpg,https://commons.wikimedia.org/wiki/File:Level_crossing_at_Ballasalla_-_geograph.org.uk_-_4714770.jpg,Richard Hoare,CC BY-SA 2.0
crossing_gate,crossing_gate_level-crossing-at-beltring-geograph-org-uk-4750078.jpg,https://commons.wikimedia.org/wiki/File:Level_crossing_at_Beltring_-_geograph.org.uk_-_4750078.jpg,Malc McDonald,CC BY-SA 2.0
crossing_gate,crossing_gate_level-crossing-at-castle-caereinion-geograph-org-uk-7273583.jpg,https://commons.wikimedia.org/wiki/File:Level_crossing_at_Castle_Caereinion_-_geograph.org.uk_-_7273583.jpg,Gareth James,CC BY-SA 2.0
crossing_gate,crossing_gate_level-crossing-at-lydney-main-railway-station-geograph-org-u.jpg,https://commons.wikimedia.org/wiki/File:Level_Crossing_at_Lydney_(main)_railway_station_-_geograph.org.uk_-_6214862.jpg,Roger Cornfoot,CC BY-SA 2.0
crossing_gate,crossing_gate_level-crossing-at-oakham-station-geograph-org-uk-2604319.jpg,https://commons.wikimedia.org/wiki/File:Level_crossing_at_Oakham_Station_-_geograph.org.uk_-_2604319.jpg,Andrew Tatlow,CC BY-SA 2.0
crossing_gate,crossing_gate_level-crossing-at-pevensey-bay-station-geograph-org-uk-49874.jpg,https://commons.wikimedia.org/wiki/File:Level_crossing_at_Pevensey_Bay_station_-_geograph.org.uk_-_4987407.jpg,Marathon,CC BY-SA 2.0
crossing_gate,crossing_gate_level-crossing-at-roydon-railway-station-geograph-org-uk-522.jpg,https://commons.wikimedia.org/wiki/File:Level_crossing_at_Roydon_railway_station_-_geograph.org.uk_-_5221621.jpg,Peter S,CC BY-SA 2.0
crossing_gate,crossing_gate_level-crossing-at-southease-railway-station-geograph-org-uk-.jpg,https://commons.wikimedia.org/wiki/File:Level_crossing_at_Southease_railway_station_-_geograph.org.uk_-_2849941.jpg,Stacey Harris,CC BY-SA 2.0
crossing_gate,crossing_gate_level-crossing-at-the-eastern-end-of-llanelli-railway-statio.jpg,https://commons.wikimedia.org/wiki/File:Level_crossing_at_the_eastern_end_of_Llanelli_railway_station_-_geograph.org.uk_-_2892871.jpg,Jaggery,CC BY-SA 2.0
crossing_gate,crossing_gate_level-crossing-barrier-at-markle-geograph-org-uk-5666839.jpg,https://commons.wikimedia.org/wiki/File:Level_Crossing_barrier_at_Markle_-_geograph.org.uk_-_5666839.jpg,M J Richardson,CC BY-SA 2.0
crossing_gate,crossing_gate_level-crossing-barrier-gr-f-sz-chenyi-istv-n-road-2020-alber.jpg,"https://commons.wikimedia.org/wiki/File:Level_crossing_barrier,_Gr%C3%B3f_Sz%C3%A9chenyi_Istv%C3%A1n_Road,_2020_Albertirsa.jpg",Globetrotter19,CC BY-SA 3.0
crossing_gate,crossing_gate_level-crossing-barrier-klotildliget-train-stop-2020-piliscsa.jpg,"https://commons.wikimedia.org/wiki/File:Level_crossing_barrier,_Klotildliget_train_stop,_2020_Piliscsaba.jpg",Globetrotter19,CC BY-SA 3.0
crossing_gate,crossing_gate_level-crossing-barrier-upgrade-dn.jpg,https://commons.wikimedia.org/wiki/File:Level_crossing_barrier_upgrade_DN.jpg,"Level_crossing_with_barriers,_upgraded_fence_DN.JPG : Dragfyre Level_crossing_with_barriers.JPG : Dragfyre derivative work: Dragfyre ( talk )",CC BY-SA 3.0
crossing_gate,crossing_gate_level-crossing-barrier-watlington-on-velvia.jpg,"https://commons.wikimedia.org/wiki/File:Level_crossing_barrier,_Watlington,_on_Velvia.jpg",Lewis Collard,Attribution
crossing_gate,crossing_gate_level-crossing-north-of-beverley-station-geograph-org-uk-538.jpg,https://commons.wikimedia.org/wiki/File:Level_crossing_north_of_Beverley_Station_-_geograph.org.uk_-_5384283.jpg,N Chadwick,CC BY-SA 2.0
crossing_gate,crossing_gate_level-crossing-on-bedfont-lane-feltham-geograph-org-uk-63222.jpg,"https://commons.wikimedia.org/wiki/File:Level_crossing_on_Bedfont_Lane,_Feltham_-_geograph.org.uk_-_6322254.jpg",habiloid,CC BY-SA 2.0
crossing_gate,crossing_gate_level-crossing-on-station-road-geograph-org-uk-1323706.jpg,https://commons.wikimedia.org/wiki/File:Level_crossing_on_Station_Road_-_geograph.org.uk_-_1323706.jpg,Evelyn Simak,CC BY-SA 2.0
crossing_gate,crossing_gate_level-crossing-on-the-olympic-highway-in-junee.jpg,https://commons.wikimedia.org/wiki/File:Level_crossing_on_the_Olympic_Highway_in_Junee.jpg,Bidgee,CC BY-SA 3.0 au
crossing_gate,crossing_gate_level-crossing-on-the-weardale-railway-geograph-org-uk-72890.jpg,https://commons.wikimedia.org/wiki/File:Level_Crossing_on_the_Weardale_Railway_-_geograph.org.uk_-_7289046.jpg,Des Blenkinsopp,CC BY-SA 2.0
crossing_gate,crossing_gate_level-crossing-seaward-way-minehead-geograph-org-uk-4087075.jpg,"https://commons.wikimedia.org/wiki/File:Level_crossing,_Seaward_Way,_Minehead_-_geograph.org.uk_-_4087075.jpg",Christine Johnstone,CC BY-SA 2.0
crossing_gate,crossing_gate_level-crossing-without-barrier-geograph-org-uk-1423425.jpg,https://commons.wikimedia.org/wiki/File:Level_crossing_without_barrier._-_geograph.org.uk_-_1423425.jpg,ROWLAND TURNER,CC BY-SA 2.0
crossing_gate,crossing_gate_martin-annis-crossing-1.jpg,https://commons.wikimedia.org/wiki/File:Martin_Annis_Crossing_(1).jpg,Peacearth,CC BY-SA 4.0
crossing_gate,crossing_gate_martin-annis-crossing-2.jpg,https://commons.wikimedia.org/wiki/File:Martin_Annis_Crossing_(2).jpg,Peacearth,CC BY-SA 4.0
crossing_gate,crossing_gate_mt-nishi-biwajima-station-northern-gate-crossing-1.jpg,https://commons.wikimedia.org/wiki/File:MT-Nishi_Biwajima_Station-Northern_Gate_Crossing-1.jpg,ButuCC,CC BY-SA 4.0
crossing_gate,crossing_gate_mt-nishi-biwajima-station-northern-gate-crossing-2.jpg,https://commons.wikimedia.org/wiki/File:MT-Nishi_Biwajima_Station-Northern_Gate_Crossing-2.jpg,ButuCC,CC BY-SA 4.0
crossing_gate,crossing_gate_mt-nishi-biwajima-station-northern-gate-crossing-3.jpg,https://commons.wikimedia.org/wiki/File:MT-Nishi_Biwajima_Station-Northern_Gate_Crossing-3.jpg,ButuCC,CC BY-SA 4.0
crossing_gate,crossing_gate_newly-rebuilt-nash-road-grade-crossing-in-new-bedford-march-.jpg,"https://commons.wikimedia.org/wiki/File:Newly_rebuilt_Nash_Road_grade_crossing_in_New_Bedford,_March_2016.jpg",MassDOT,Public domain
crossing_gate,crossing_gate_passagem-de-n-vel-em-zibreira.jpg,https://commons.wikimedia.org/wiki/File:Passagem_de_n%C3%ADvel_em_Zibreira.jpg,Adriao,CC BY 3.0
crossing_gate,crossing_gate_passaggio-a-livello-fs.jpg,https://commons.wikimedia.org/wiki/File:Passaggio_a_livello_FS.jpg,VincentLR,CC BY-SA 3.0
crossing_gate,crossing_gate_pawling-new-york-central-railroad-station-pedestrian-rr-xing.jpg,https://commons.wikimedia.org/wiki/File:Pawling_New_York_Central_Railroad_Station;_Pedestrian_RR_Xing.jpg,DanTD,CC BY-SA 4.0
crossing_gate,crossing_gate_piraeus-perama-level-crossing-sign.png,https://commons.wikimedia.org/wiki/File:Piraeus-Perama_level_crossing_sign.png,Hellenic Electric Railways,Public domain
crossing_gate,crossing_gate_rail-crossing-sign-at-station-20211012-175125909.jpg,https://commons.wikimedia.org/wiki/File:Rail_crossing_sign_at_station_20211012_175125909.jpg,CaptJayRuffins,CC BY-SA 4.0
crossing_gate,crossing_gate_railroad-crossing-in-clarington-on-may-9-2025-03.jpg,"https://commons.wikimedia.org/wiki/File:Railroad_Crossing_in_Clarington,_ON,_May_9_2025_(03).jpg",Dillan Payne,CC BY-SA 2.0
crossing_gate,crossing_gate_railroad-crossing-in-japan.jpg,https://commons.wikimedia.org/wiki/File:Railroad_crossing_in_Japan.jpg,Htanaungg,CC BY-SA 4.0
crossing_gate,crossing_gate_railroad-crossing-signal-in-the-town-of-holly-near-the-kansa.jpg,"https://commons.wikimedia.org/wiki/File:Railroad_crossing_signal_in_the_town_of_Holly,_near_the_Kansas_line_in_Prowers_County,_Colorado_LCCN2015632179.tif",Carol M. Highsmith,Public domain
crossing_gate,crossing_gate_railroad-crossing-west-acton-ma.jpg,"https://commons.wikimedia.org/wiki/File:Railroad_crossing,_West_Acton,_MA.jpg",User:Schzmo,Public domain
crossing_gate,crossing_gate_railroad-gates-1928-by-edward-hopper.jpg,https://commons.wikimedia.org/wiki/File:Railroad_Gates_(1928)_by_Edward_Hopper.jpg,Edward Hopper,Public domain
crossing_gate,crossing_gate_railroad-structures-and-estimates-1918-14759122812.jpg,https://commons.wikimedia.org/wiki/File:Railroad_structures_and_estimates_(1918)_(14759122812).jpg,"Orrock, John Wilson, 1870-",No restrictions
crossing_gate,crossing_gate_railway-line-at-palgrave-level-crossing-geograph-org-uk-4265.jpg,https://commons.wikimedia.org/wiki/File:Railway_Line_at_Palgrave_Level_Crossing_-_geograph.org.uk_-_4265708.jpg,Geographer,CC BY-SA 2.0
crossing_gate,crossing_gate_railway-signal-route-10-level-crossing-barriers-2020-nyerges.jpg,"https://commons.wikimedia.org/wiki/File:Railway_signal,_Route_10_level_crossing_barriers,_2020_Nyerges%C3%BAjfalu.jpg",Globetrotter19,CC BY-SA 3.0
crossing_gate,crossing_gate_railway-station-level-crossing-barriers-2020-p-pa.jpg,"https://commons.wikimedia.org/wiki/File:Railway_station,_level_crossing_barriers,_2020_P%C3%A1pa.jpg",Globetrotter19,CC BY-SA 3.0
crossing_gate,crossing_gate_railway-train-at-level-crossing-geograph-org-uk-6170035.jpg,https://commons.wikimedia.org/wiki/File:Railway_train_at_level_crossing_-_geograph.org.uk_-_6170035.jpg,Alan Hughes,CC BY-SA 2.0
crossing_gate,crossing_gate_rauceby-railway-station-signal-box-in-2008.jpg,https://commons.wikimedia.org/wiki/File:Rauceby_railway_station_signal_box_in_2008.jpg,Ian Paterson,CC BY-SA 2.0
crossing_gate,crossing_gate_remain-of-shio-line-26-t-ky-kamotsu-terminal-premise-railroa.jpg,https://commons.wikimedia.org/wiki/File:Remain_of_%C5%8Cshio_Line_26_(T%C5%8Dky%C5%8D_Kamotsu_Terminal_premise_railroad_crossing).jpg,電車(新幹線)でゴー！,CC BY-SA 4.0
crossing_gate,crossing_gate_rhoose-level-crossing-barriers-down-geograph-org-uk-2455663.jpg,https://commons.wikimedia.org/wiki/File:Rhoose_level_crossing_-_barriers_down_-_geograph.org.uk_-_2455663.jpg,Jaggery,CC BY-SA 2.0
crossing_gate,crossing_gate_rhoose-level-crossing-barriers-up-geograph-org-uk-2455655.jpg,https://commons.wikimedia.org/wiki/File:Rhoose_level_crossing_-_barriers_up_-_geograph.org.uk_-_2455655.jpg,Jaggery,CC BY-SA 2.0
crossing_gate,crossing_gate_rusty-fence-with-warning-at-railroad-track.jpg,https://commons.wikimedia.org/wiki/File:Rusty_fence_with_warning_at_railroad_track.jpg,Spielvogel,CC BY-SA 4.0
crossing_gate,crossing_gate_sanford-sunrail-station-north-pedestrian-level-crossing-frei.jpg,https://commons.wikimedia.org/wiki/File:Sanford_SunRail_Station;_North_Pedestrian_Level_Crossing_@_Freight_Line-1.jpg,DanTD,CC BY-SA 4.0
crossing_gate,crossing_gate_sanford-sunrail-station-south-pedestrian-level-crossing-frei.jpg,https://commons.wikimedia.org/wiki/File:Sanford_SunRail_Station;_South_Pedestrian_Level_Crossing_@_Freight_Line.jpg,DanTD,CC BY-SA 4.0
crossing_gate,crossing_gate_scremerston-level-crossing-geograph-org-uk-6614797.jpg,https://commons.wikimedia.org/wiki/File:Scremerston_Level_Crossing_-_geograph.org.uk_-_6614797.jpg,Walter Baxter,CC BY-SA 2.0
crossing_gate,crossing_gate_shelton-canal-street-crossing-083.jpg,https://commons.wikimedia.org/wiki/File:Shelton_Canal_Street_crossing_083.JPG,Pedro Xing,CC0
crossing_gate,crossing_gate_sign-at-private-crossing-20683071954.jpg,https://commons.wikimedia.org/wiki/File:Sign_at_private_crossing_(20683071954).jpg,Oregon Department of Transportation,CC BY 2.0
crossing_gate,crossing_gate_site-of-first-quincy-adams-station-with-gate-tender-unknown-.jpg,"https://commons.wikimedia.org/wiki/File:Site_of_first_Quincy_Adams_station_with_gate_tender,_unknown_date.jpg",Warren S. Parker,Public domain
crossing_gate,crossing_gate_spoorwegovergang-heiloo-open.jpg,https://commons.wikimedia.org/wiki/File:Spoorwegovergang_Heiloo_-_open.jpg,Sneeuwvlakte,CC BY-SA 4.0
crossing_gate,crossing_gate_steese-highway-southbound-at-trainor-gate-road-and-alaska-ra.jpg,https://commons.wikimedia.org/wiki/File:Steese_Highway_southbound_at_Trainor_Gate_Road_and_Alaska_Railroad_crossing.jpg,halah1.geo,CC BY-SA 2.0
crossing_gate,crossing_gate_stone-crossing-railway-station-level-crossing-geograph-org-u.jpg,https://commons.wikimedia.org/wiki/File:Stone_Crossing_railway_station_level_crossing_-_geograph.org.uk_-_718924.jpg,Nigel Cox,CC BY-SA 2.0
crossing_gate,crossing_gate_t-ri-railroad-crossing-estonia.jpg,"https://commons.wikimedia.org/wiki/File:T%C3%BCri,_Railroad_Crossing,_Estonia.jpg",User:Estonia94,CC BY-SA 4.0
crossing_gate,crossing_gate_taunusstein-hahn-b-wiesbadener-stra-e-abgebaute-schranke.jpg,"https://commons.wikimedia.org/wiki/File:Taunusstein-Hahn,_B%C3%9C_Wiesbadener_Stra%C3%9Fe_-_abgebaute_Schranke.jpg",ManuelB701,CC0
crossing_gate,crossing_gate_the-level-crossing-at-brimsdown-station-geograph-org-uk-5460.jpg,https://commons.wikimedia.org/wiki/File:The_level_crossing_at_Brimsdown_station_-_geograph.org.uk_-_5460108.jpg,Marathon,CC BY-SA 2.0
crossing_gate,crossing_gate_vila-nova-da-baronia-38145976492.jpg,https://commons.wikimedia.org/wiki/File:Vila_Nova_da_Baronia_(38145976492).jpg,"Fernando Moital from Évora, Portugal",CC BY 2.0
crossing_gate,crossing_gate_vila-nova-da-baronia-railway-station.jpg,https://commons.wikimedia.org/wiki/File:Vila_Nova_da_Baronia_railway_Station.jpg,"Antero Pires from Corroios, Portugal",CC BY-SA 2.0
crossing_gate,crossing_gate_vila-nova-de-quem-vem-de-viana-panoramio.jpg,"https://commons.wikimedia.org/wiki/File:Vila_Nova,_de_quem_vem_de_Viana_-_panoramio.jpg",Luis Forte,CC BY-SA 3.0
crossing_gate,crossing_gate_waiting-at-ferryside-railway-station-level-crossing-geograph.jpg,https://commons.wikimedia.org/wiki/File:Waiting_at_Ferryside_railway_station_level_crossing_-_geograph.org.uk_-_4567115.jpg,Jaggery,CC BY-SA 2.0
crossing_gate,crossing_gate_waiting-at-the-level-crossing-at-wool-railway-station-geogra.jpg,https://commons.wikimedia.org/wiki/File:Waiting_at_the_level_crossing_at_Wool_railway_station_-_geograph.org.uk_-_5916607.jpg,Rob Purvis,CC BY-SA 2.0
crossing_gate,crossing_gate_whissendine-station-level-crossing-sunday-closure-geograph-o.jpg,https://commons.wikimedia.org/wiki/File:Whissendine_Station_level_crossing_Sunday_closure_-_geograph.org.uk_-_4931425.jpg,Andrew Tatlow,CC BY-SA 2.0
overhead_wire,overhead_wire_2019-at-alloa-station-trains-stop-here.jpg,https://commons.wikimedia.org/wiki/File:2019_at_Alloa_station_-_trains_stop_here.JPG,Geof Sheppard,CC BY-SA 4.0
overhead_wire,overhead_wire_20200124-st-eligius-v-lklingen-04.jpg,https://commons.wikimedia.org/wiki/File:20200124_St._Eligius_V%C3%B6lklingen_04.jpg,Flocci Nivis,CC BY 4.0
overhead_wire,overhead_wire_alter-fahrleitungsmast-am-haltepunkt-leipzig-anger-crottendo.jpg,https://commons.wikimedia.org/wiki/File:Alter_Fahrleitungsmast_am_Haltepunkt_Leipzig-Anger-Crottendorf.jpg,August Geyler,CC BY-SA 4.0
overhead_wire,overhead_wire_amtrak-constant-tension-catenary-gantry-and-weights-near-rea.jpg,https://commons.wikimedia.org/wiki/File:Amtrak_constant_tension_catenary_gantry_and_weights_near_Readville_September_2025.jpg,4300streetcar,CC BY 4.0
overhead_wire,overhead_wire_catenary-masts-with-very-long-50kv-insulators-of-sishen-sald.jpg,https://commons.wikimedia.org/wiki/File:Catenary_masts_with_very_long_50kV_insulators_of_Sishen-Saldanha_line.jpg,Skatebiker,CC BY-SA 3.0
overhead_wire,overhead_wire_construction-works-at-tornio-railway-station-20241012-003.jpg,https://commons.wikimedia.org/wiki/File:Construction_works_at_Tornio_railway_station_20241012_003.jpg,Mikko J. Putkonen (Methem),CC BY 4.0
overhead_wire,overhead_wire_contrapesos-catenaria.jpg,https://commons.wikimedia.org/wiki/File:Contrapesos_Catenaria.jpg,Rubén Jiménez Zapata,CC BY-SA 3.0
overhead_wire,overhead_wire_contrappesatura-a-molle-catenaria.jpg,https://commons.wikimedia.org/wiki/File:Contrappesatura_a_molle_catenaria.jpg,Al*from*Lig,CC BY-SA 4.0
overhead_wire,overhead_wire_didcot-gwr-800013-at-the-end-of-the-wire.jpg,https://commons.wikimedia.org/wiki/File:Didcot_-_GWR_800013_at_the_end_of_the_wire.JPG,Geof Sheppard,CC BY-SA 4.0
overhead_wire,overhead_wire_echigo-tokimeki-railway-deadsection-20190810.jpg,https://commons.wikimedia.org/wiki/File:Echigo-tokimeki-railway-deadsection_20190810.jpg,E3uematsu,CC BY-SA 4.0
overhead_wire,overhead_wire_echova-tvr-trolejov-nap-n-k.jpg,"https://commons.wikimedia.org/wiki/File:%C4%8Cechova_%C4%8Dtvr%C5%A5,_trolejov%C3%BD_nap%C3%ADn%C3%A1k_.jpg",cs:ŠJů,CC BY-SA 3.0
overhead_wire,overhead_wire_gewichtsspannvorrichtung-dr.jpg,https://commons.wikimedia.org/wiki/File:Gewichtsspannvorrichtung_DR.jpg,RsVe,CC BY 3.0
overhead_wire,overhead_wire_hallstadt-bahnhof-abs-n-rnberg-ebensfeld-20200417-rm-155300.jpg,https://commons.wikimedia.org/wiki/File:Hallstadt_Bahnhof_ABS_N%C3%BCrnberg-Ebensfeld-20200417-RM-155300.jpg,Ermell,CC BY-SA 4.0
overhead_wire,overhead_wire_haltepunkt-leipzig-anger-crottendorf-neu-er-ffneter-mittelba.jpg,https://commons.wikimedia.org/wiki/File:Haltepunkt_Leipzig_Anger-Crottendorf_%E2%80%93_neu_er%C3%B6ffneter_Mittelbahnsteig_am_westlichen_Gleis_(Detail).jpg,August Geyler,CC BY-SA 4.0
overhead_wire,overhead_wire_i12-313-markkleeberg-posten-1.jpg,"https://commons.wikimedia.org/wiki/File:I12_313_Markkleeberg,_Posten_1.jpg",Falk2,CC BY-SA 4.0
overhead_wire,overhead_wire_img-2c23cc3aeb.jpg,https://commons.wikimedia.org/wiki/File:%E8%87%BA%E9%90%B5%E5%B1%B1%E4%BD%B3%E9%9A%A7%E9%81%93.jpg,寺人孟子,CC BY-SA 4.0
overhead_wire,overhead_wire_img-524d87270f.jpg,https://commons.wikimedia.org/wiki/File:%E9%9A%86%E7%94%B0%E7%BE%A9%E8%81%96%E5%AE%AE%E9%99%84%E8%BF%91%E7%9A%84%E9%90%B5%E8%B7%AF.jpg,Pbdragonwang,CC BY-SA 4.0
overhead_wire,overhead_wire_isolatori-fs.jpg,https://commons.wikimedia.org/wiki/File:Isolatori_FS.jpg,Al*from*Lig,CC BY-SA 4.0
overhead_wire,overhead_wire_j23-974-markkleeberg-posten-1-dienstgeb-ude.jpg,"https://commons.wikimedia.org/wiki/File:J23_974_Markkleeberg_Posten_1,_Dienstgeb%C3%A4ude.jpg",Falk2,CC BY-SA 4.0
overhead_wire,overhead_wire_j23-979-posten-1-systemtrennstelle.jpg,"https://commons.wikimedia.org/wiki/File:J23_979_Posten_1,_Systemtrennstelle.jpg",Falk2,CC BY-SA 4.0
overhead_wire,overhead_wire_j31-803-systemwechsel-w-rth-seite-15kv.jpg,"https://commons.wikimedia.org/wiki/File:J31_803_Systemwechsel_W%C3%B6rth,_Seite_15kV.jpg",Falk2,CC BY-SA 3.0 de
overhead_wire,overhead_wire_j31-805-systemwechsel-w-rth-seite-750v.jpg,"https://commons.wikimedia.org/wiki/File:J31_805_Systemwechsel_W%C3%B6rth,_Seite_750V.jpg",Falk2,CC BY-SA 3.0 de
overhead_wire,overhead_wire_j40-925-bf-chemnitz-hbf-systemtrennstelle.jpg,"https://commons.wikimedia.org/wiki/File:J40_925_Bf_Chemnitz_Hbf,_Systemtrennstelle.jpg",Falk2,CC BY-SA 4.0
overhead_wire,overhead_wire_j40-926-bf-chemnitz-hbf-systemtrennstelle.jpg,"https://commons.wikimedia.org/wiki/File:J40_926_Bf_Chemnitz_Hbf,_Systemtrennstelle.jpg",Falk2,CC BY-SA 4.0
overhead_wire,overhead_wire_j41-014-bw-le-hbf-west-fahrleitungsspinne.jpg,"https://commons.wikimedia.org/wiki/File:J41_014_Bw_Le_Hbf_West,_Fahrleitungsspinne.jpg",Falk2,CC BY-SA 4.0
overhead_wire,overhead_wire_j41-191-bf-mockrehna-ausfsig-b3-b1-b2.jpg,"https://commons.wikimedia.org/wiki/File:J41_191_Bf_Mockrehna,_Ausfsig_B3,_B1,_B2.jpg",Falk2,CC BY-SA 4.0
overhead_wire,overhead_wire_j41-621-bf-erfurt-hbf-411-xxx.jpg,"https://commons.wikimedia.org/wiki/File:J41_621_Bf_Erfurt_Hbf,_411_xxx.jpg",Falk2,CC BY-SA 4.0
overhead_wire,overhead_wire_k-reledningsmast-med-kontrav-gt.jpg,https://commons.wikimedia.org/wiki/File:K%C3%B8reledningsmast_med_kontrav%C3%A6gt.jpg,Leif Jørgensen,CC BY-SA 4.0
overhead_wire,overhead_wire_l01-693-bf-delitzsch-unt-bf-verk-rzte-schutzstrecke.jpg,"https://commons.wikimedia.org/wiki/File:L01_693_Bf_Delitzsch_unt_Bf,_verk%C3%BCrzte_Schutzstrecke.jpg",Falk2,CC BY-SA 4.0
overhead_wire,overhead_wire_l01-694-bf-delitzsch-unt-bf-verk-rzte-schutzstrecke.jpg,"https://commons.wikimedia.org/wiki/File:L01_694_Bf_Delitzsch_unt_Bf,_verk%C3%BCrzte_Schutzstrecke.jpg",Falk2,CC BY-SA 4.0
overhead_wire,overhead_wire_l06-622-piazza-di-porta-maggiore-fahrleitungskreuzung.jpg,"https://commons.wikimedia.org/wiki/File:L06_622_Piazza_di_Porta_Maggiore,_Fahrleitungskreuzung.jpg",Falk2,CC BY-SA 4.0
overhead_wire,overhead_wire_lichfield-city-station-live-wires-overhead-6662789445.jpg,https://commons.wikimedia.org/wiki/File:Lichfield_City_Station_-_live_wires_overhead_(6662789445).jpg,"Elliott Brown from Birmingham, United Kingdom",CC BY 2.0
overhead_wire,overhead_wire_lichfield-city-station-live-wires-overhead-6662800291.jpg,https://commons.wikimedia.org/wiki/File:Lichfield_City_Station_-_live_wires_overhead_(6662800291).jpg,"Elliott Brown from Birmingham, United Kingdom",CC BY 2.0
overhead_wire,overhead_wire_light-rail-overhead-catenary-wires.jpg,https://commons.wikimedia.org/wiki/File:Light_rail_overhead_catenary_wires.jpg,Rsparks3,CC0
overhead_wire,overhead_wire_neues-richtungsgleis-zwischen-hp-anger-crottendorf-und-bf-le.jpg,https://commons.wikimedia.org/wiki/File:Neues_Richtungsgleis_zwischen_Hp_Anger-Crottendorf_und_Bf_Leipzig-St%C3%B6tteritz.jpg,August Geyler,CC BY-SA 4.0
overhead_wire,overhead_wire_oberleitung-radspanner-img10010.jpg,https://commons.wikimedia.org/wiki/File:Oberleitung_Radspanner_IMG10010.jpg,Smial at German Wikipedia,CC BY-SA 2.0 de
overhead_wire,overhead_wire_overhead-wires-east-coast-main-line-geograph-org-uk-4405320.jpg,"https://commons.wikimedia.org/wiki/File:Overhead_wires,_East_Coast_Main_Line_-_geograph.org.uk_-_4405320.jpg",Richard Webb,CC BY-SA 2.0
overhead_wire,overhead_wire_panoramio.jpg,https://commons.wikimedia.org/wiki/File:%E8%87%AA%E5%BC%B7%E8%99%9F%E5%8D%97%E4%B8%8B_-_panoramio.jpg,338km,CC BY 3.0
overhead_wire,overhead_wire_pn-gare-beaucroissant.jpg,https://commons.wikimedia.org/wiki/File:Pn-gare-beaucroissant.jpg,Remontees,CC BY-SA 4.0
overhead_wire,overhead_wire_praterstern-wien-vorplatz-5.jpg,https://commons.wikimedia.org/wiki/File:Praterstern_Wien_-_Vorplatz--5.jpg,Hubertl,CC BY-SA 4.0
overhead_wire,overhead_wire_santa-clara-station.jpg,https://commons.wikimedia.org/wiki/File:Santa_Clara_station.jpg,Mliu92,CC BY-SA 3.0
overhead_wire,overhead_wire_sezionatore-a-corna-trenitalia-fs.jpg,https://commons.wikimedia.org/wiki/File:Sezionatore_%22a_corna%22_Trenitalia_FS.jpg,Al*from*Lig,CC BY-SA 4.0
overhead_wire,overhead_wire_spannungswechsel-st-leonardsbr-cke.jpg,https://commons.wikimedia.org/wiki/File:Spannungswechsel_St._Leonardsbr%C3%BCcke.jpg,Plutowiki,CC0
overhead_wire,overhead_wire_st-margrethen-catenary-8581207070.jpg,https://commons.wikimedia.org/wiki/File:St._Margrethen_-_Catenary_(8581207070).jpg,Kecko,CC BY 2.0
overhead_wire,overhead_wire_stellwerk-am-bahnhof-lebach-01.jpg,https://commons.wikimedia.org/wiki/File:Stellwerk_Am_Bahnhof_Lebach_01.jpg,Flocci Nivis,CC BY 4.0
overhead_wire,overhead_wire_szakaszszigetelok.jpg,https://commons.wikimedia.org/wiki/File:Szakaszszigetelok.JPG,Szerkesztő:Joliet Jake,Public domain
overhead_wire,overhead_wire_tornio-railway-station-20241109-001.jpg,https://commons.wikimedia.org/wiki/File:Tornio_railway_station_20241109_001.jpg,Mikko J. Putkonen (Methem),CC BY 4.0
overhead_wire,overhead_wire_tornio-railway-station-20241109-003.jpg,https://commons.wikimedia.org/wiki/File:Tornio_railway_station_20241109_003.jpg,Mikko J. Putkonen (Methem),CC BY 4.0
overhead_wire,overhead_wire_tornio-railway-station-20241109-004.jpg,https://commons.wikimedia.org/wiki/File:Tornio_railway_station_20241109_004.jpg,Mikko J. Putkonen (Methem),CC BY 4.0
overhead_wire,overhead_wire_tornio-railway-station-20241109-005.jpg,https://commons.wikimedia.org/wiki/File:Tornio_railway_station_20241109_005.jpg,Mikko J. Putkonen (Methem),CC BY 4.0
overhead_wire,overhead_wire_tornio-railway-station-20241109-006.jpg,https://commons.wikimedia.org/wiki/File:Tornio_railway_station_20241109_006.jpg,Mikko J. Putkonen (Methem),CC BY 4.0
overhead_wire,overhead_wire_transnet-catenary-wire-maintenance-wagon-17818792548.jpg,https://commons.wikimedia.org/wiki/File:Transnet_catenary_wire_maintenance_wagon._(17818792548).jpg,"Bob Adams from Amanzimtoti, South Africa",CC BY-SA 2.0
overhead_wire,overhead_wire_uhlerborn-oberleitungsmast-28-7-mit-spanngewicht-und-kragarm.jpg,https://commons.wikimedia.org/wiki/File:Uhlerborn_-_Oberleitungsmast_28_7_mit_Spanngewicht_und_Kragarm.jpg,ManuelB701,CC0
platform,platform_a-snowy-helensburgh-central-railway-station-geograph-org-uk-.jpg,https://commons.wikimedia.org/wiki/File:A_Snowy_Helensburgh_Central_Railway_Station_-_geograph.org.uk_-_5742739.jpg,Adam Forsyth,CC BY-SA 2.0
platform,platform_a-view-of-howrah-railway-station-from-platform-23.jpg,https://commons.wikimedia.org/wiki/File:A_view_of_Howrah_Railway_Station_from_Platform_23.jpg,Ravi Dwivedi,CC BY-SA 4.0
platform,platform_aizu-railway-minami-wakamatsu-station-platform-20110515.jpg,https://commons.wikimedia.org/wiki/File:Aizu-railway-Minami-wakamatsu-station-platform-20110515.jpg,LERK,CC BY 3.0
platform,platform_arrival-at-helensburgh-central-station-geograph-org-uk-58257.jpg,https://commons.wikimedia.org/wiki/File:Arrival_at_Helensburgh_Central_Station_-_geograph.org.uk_-_5825795.jpg,Roger Cornfoot,CC BY-SA 2.0
platform,platform_bykovo-railway-station-platform-2-west.jpg,https://commons.wikimedia.org/wiki/File:Bykovo_railway_station_-_Platform_2_West.jpg,Voltmetro,CC BY 4.0
platform,platform_canopy-over-platform-1-newport-railway-station-geograph-org-.jpg,"https://commons.wikimedia.org/wiki/File:Canopy_over_platform_1,_Newport_railway_station_-_geograph.org.uk_-_6226211.jpg",Jaggery,CC BY-SA 2.0
platform,platform_car-park-helensburgh-central-railway-station-geograph-org-uk.jpg,"https://commons.wikimedia.org/wiki/File:Car_park,_Helensburgh_Central_railway_station_-_geograph.org.uk_-_7372984.jpg",Richard Vince,CC BY-SA 2.0
platform,platform_chhatarpur-madhya-pradesh-railway-station-platform-2.jpg,"https://commons.wikimedia.org/wiki/File:Chhatarpur,_Madhya_Pradesh_Railway_station_platform_2.jpg",Suyash Dwivedi,CC BY-SA 4.0
platform,platform_chhatarpur-madhya-pradesh-railway-station-platform-3.jpg,"https://commons.wikimedia.org/wiki/File:Chhatarpur,_Madhya_Pradesh_Railway_station_platform_3.jpg",Suyash Dwivedi,CC BY-SA 4.0
platform,platform_chhatarpur-madhya-pradesh-railway-station-platform-4.jpg,"https://commons.wikimedia.org/wiki/File:Chhatarpur,_Madhya_Pradesh_Railway_station_platform_4.jpg",Suyash Dwivedi,CC BY-SA 4.0
platform,platform_chhatarpur-madhya-pradesh-railway-station-platform-5.jpg,"https://commons.wikimedia.org/wiki/File:Chhatarpur,_Madhya_Pradesh_Railway_station_platform_5.jpg",Suyash Dwivedi,CC BY-SA 4.0
platform,platform_chhatarpur-madhya-pradesh-railway-station-platform-6.jpg,"https://commons.wikimedia.org/wiki/File:Chhatarpur,_Madhya_Pradesh_Railway_station_platform_6.jpg",Suyash Dwivedi,CC BY-SA 4.0
platform,platform_chhatarpur-madhya-pradesh-railway-station-platform.jpg,"https://commons.wikimedia.org/wiki/File:Chhatarpur,_Madhya_Pradesh_Railway_station_platform.jpg",Suyash Dwivedi,CC BY-SA 4.0
platform,platform_christchurch-railway-station-platform-canopy-roofs-geograph-.jpg,https://commons.wikimedia.org/wiki/File:Christchurch_railway_station_platform_canopy_roofs_-_geograph.org.uk_-_5853696.jpg,Jaggery,CC BY-SA 2.0
platform,platform_class-334-and-class-320-stand-at-helensburgh-central-geograp.jpg,https://commons.wikimedia.org/wiki/File:Class_334_and_Class_320_stand_at_Helensburgh_Central_-_geograph.org.uk_-_5817015.jpg,Adam Forsyth,CC BY-SA 2.0
platform,platform_dattapukur-railway-station-platform-2-looking-east.jpg,https://commons.wikimedia.org/wiki/File:Dattapukur_railway_station_platform_2_looking_east.jpg,Projjalm,CC0
platform,platform_de-brouckere-metro-station-metro-platform-waiting-for-herrma.jpg,"https://commons.wikimedia.org/wiki/File:De_Brouckere_Metro_Station_-_Metro_platform_waiting_for_Herrmann-Debroux-bound_metro,_with_other_platform_visible.jpg",Trougnouf,CC BY 4.0
platform,platform_dhubri-railway-station-platform-with-child-and-flag.jpg,https://commons.wikimedia.org/wiki/File:Dhubri_railway_station_platform_with_child_and_flag.jpg,GeoEvan ( www.polgeonow.com ),CC BY 4.0
platform,platform_end-of-the-line-for-some-trains-reaching-helensburgh-geograp.jpg,https://commons.wikimedia.org/wiki/File:End_of_the_line_for_some_trains_reaching_Helensburgh_-_geograph.org.uk_-_1916017.jpg,Anthony O'Neil,CC BY-SA 2.0
platform,platform_flower-tubs-on-caerphilly-railway-station-platform-3-geograp.jpg,https://commons.wikimedia.org/wiki/File:Flower_tubs_on_Caerphilly_railway_station_platform_3_(geograph_6112824).jpg,Jaggery,CC BY-SA 2.0
platform,platform_frome-railway-station-platform-geograph-org-uk-4654338.jpg,https://commons.wikimedia.org/wiki/File:Frome_railway_station_platform_-_geograph.org.uk_-_4654338.jpg,Jaggery,CC BY-SA 2.0
platform,platform_helensburgh-central-railway-station-1.jpg,https://commons.wikimedia.org/wiki/File:Helensburgh_Central_railway_station_(1).jpg,Ed Webster,CC BY 2.0
platform,platform_helensburgh-central-railway-station-3.jpg,https://commons.wikimedia.org/wiki/File:Helensburgh_Central_railway_station_(3).jpg,Ed Webster,CC BY 2.0
platform,platform_helensburgh-central-railway-station-argyll-and-bute-scotland.jpg,"https://commons.wikimedia.org/wiki/File:Helensburgh_Central_railway_station,_Argyll_and_Bute,_Scotland.jpg",Rosser1954,CC BY-SA 4.0
platform,platform_helensburgh-central-railway-station-argyll-and-bute.jpg,"https://commons.wikimedia.org/wiki/File:Helensburgh_Central_railway_station,_Argyll_and_Bute.jpg",Rosser1954,CC BY-SA 4.0
platform,platform_helensburgh-central-railway-station-argyll-bute-geograph-org.jpg,"https://commons.wikimedia.org/wiki/File:Helensburgh_Central_railway_station,_Argyll_%5E_Bute_-_geograph.org.uk_-_3918135.jpg",Nigel Thompson,CC BY-SA 2.0
platform,platform_helensburgh-central-railway-station-geograph-org-uk-3609420.jpg,https://commons.wikimedia.org/wiki/File:Helensburgh_Central_railway_station_-_geograph.org.uk_-_3609420.jpg,Thomas Nugent,CC BY-SA 2.0
platform,platform_helensburgh-central-railway-station-geograph-org-uk-3609424.jpg,https://commons.wikimedia.org/wiki/File:Helensburgh_Central_railway_station_-_geograph.org.uk_-_3609424.jpg,Thomas Nugent,CC BY-SA 2.0
platform,platform_helensburgh-central-railway-station-geograph-org-uk-3609428.jpg,https://commons.wikimedia.org/wiki/File:Helensburgh_Central_railway_station_-_geograph.org.uk_-_3609428.jpg,Thomas Nugent,CC BY-SA 2.0
platform,platform_helensburgh-central-railway-station-geograph-org-uk-3609430.jpg,https://commons.wikimedia.org/wiki/File:Helensburgh_Central_railway_station_-_geograph.org.uk_-_3609430.jpg,Thomas Nugent,CC BY-SA 2.0
platform,platform_helensburgh-central-railway-station-geograph-org-uk-3609443.jpg,https://commons.wikimedia.org/wiki/File:Helensburgh_Central_railway_station_-_geograph.org.uk_-_3609443.jpg,Thomas Nugent,CC BY-SA 2.0
platform,platform_helensburgh-central-railway-station-geograph-org-uk-3609445.jpg,https://commons.wikimedia.org/wiki/File:Helensburgh_Central_railway_station_-_geograph.org.uk_-_3609445.jpg,Thomas Nugent,CC BY-SA 2.0
platform,platform_helensburgh-central-railway-station-geograph-org-uk-3609496.jpg,https://commons.wikimedia.org/wiki/File:Helensburgh_Central_railway_station_-_geograph.org.uk_-_3609496.jpg,Thomas Nugent,CC BY-SA 2.0
platform,platform_helensburgh-central-railway-station-geograph-org-uk-3609524.jpg,https://commons.wikimedia.org/wiki/File:Helensburgh_Central_railway_station_-_geograph.org.uk_-_3609524.jpg,Thomas Nugent,CC BY-SA 2.0
platform,platform_helensburgh-central-railway-station-geograph-org-uk-3609529.jpg,https://commons.wikimedia.org/wiki/File:Helensburgh_Central_railway_station_-_geograph.org.uk_-_3609529.jpg,Thomas Nugent,CC BY-SA 2.0
platform,platform_helensburgh-central-railway-station-geograph-org-uk-3609535.jpg,https://commons.wikimedia.org/wiki/File:Helensburgh_Central_railway_station_-_geograph.org.uk_-_3609535.jpg,Thomas Nugent,CC BY-SA 2.0
platform,platform_helensburgh-central-railway-station-geograph-org-uk-5173167.jpg,https://commons.wikimedia.org/wiki/File:Helensburgh_Central_railway_station_-_geograph.org.uk_-_5173167.jpg,Thomas Nugent,CC BY-SA 2.0
platform,platform_helensburgh-central-railway-station-geograph-org-uk-5173170.jpg,https://commons.wikimedia.org/wiki/File:Helensburgh_Central_railway_station_-_geograph.org.uk_-_5173170.jpg,Thomas Nugent,CC BY-SA 2.0
platform,platform_helensburgh-central-railway-station-geograph-org-uk-5205480.jpg,https://commons.wikimedia.org/wiki/File:Helensburgh_Central_railway_station_-_geograph.org.uk_-_5205480.jpg,Thomas Nugent,CC BY-SA 2.0
platform,platform_helensburgh-central-railway-station-geograph-org-uk-5305403.jpg,https://commons.wikimedia.org/wiki/File:Helensburgh_Central_railway_station_-_geograph.org.uk_-_5305403.jpg,Steve Houldsworth,CC BY-SA 2.0
platform,platform_helensburgh-central-railway-station-geograph-org-uk-7372980.jpg,https://commons.wikimedia.org/wiki/File:Helensburgh_Central_railway_station_-_geograph.org.uk_-_7372980.jpg,Richard Vince,CC BY-SA 2.0
platform,platform_helensburgh-central-railway-station-roof-argyll-and-bute.jpg,"https://commons.wikimedia.org/wiki/File:Helensburgh_Central_railway_station_roof,_Argyll_and_Bute.jpg",Rosser1954,CC BY-SA 4.0
platform,platform_helensburgh-central-station-1985-geograph-org-uk-3196042.jpg,https://commons.wikimedia.org/wiki/File:Helensburgh_Central_station_(1985)_-_geograph.org.uk_-_3196042.jpg,Albert Bridge,CC BY-SA 2.0
platform,platform_helensburgh-central-station-geograph-org-uk-2032235.jpg,https://commons.wikimedia.org/wiki/File:Helensburgh_Central_Station_-_geograph.org.uk_-_2032235.jpg,Thomas Nugent,CC BY-SA 2.0
platform,platform_helensburgh-central-station-geograph-org-uk-5825781.jpg,https://commons.wikimedia.org/wiki/File:Helensburgh_Central_Station_-_geograph.org.uk_-_5825781.jpg,Roger Cornfoot,CC BY-SA 2.0
platform,platform_helensburgh-central-station-geograph-org-uk-6351467.jpg,https://commons.wikimedia.org/wiki/File:Helensburgh_Central_station_-_geograph.org.uk_-_6351467.jpg,Richard Sutcliffe,CC BY-SA 2.0
platform,platform_helensburgh-central-station.jpg,https://commons.wikimedia.org/wiki/File:Helensburgh_Central_Station.jpg,Stephen McKay,CC BY-SA 2.0
platform,platform_helensburgh-railway-station-geograph-org-uk-1916006.jpg,https://commons.wikimedia.org/wiki/File:Helensburgh_railway_station_-_geograph.org.uk_-_1916006.jpg,Anthony O'Neil,CC BY-SA 2.0
platform,platform_horsham-railway-station-platform-2024-06-04.jpg,https://commons.wikimedia.org/wiki/File:Horsham_railway_station_platform_2024-06-04.jpg,Andy Li,CC0
platform,platform_img-8d2280874a.jpg,"https://commons.wikimedia.org/wiki/File:%D0%9B%D0%B0%D0%B7%D0%B0%D1%80%D0%B5%D0%B2%D0%BA%D0%B0,_%D0%BF%D0%BB%D0%B0%D1%82%D1%84%D0%BE%D1%80%D0%BC%D0%B0_%D1%81%D0%B2%D0%B5%D1%80%D1%85%D1%83.jpg",Nikolai Bulykin,CC BY-SA 4.0
platform,platform_inside-helensburgh-central-station-geograph-org-uk-2413742.jpg,https://commons.wikimedia.org/wiki/File:Inside_Helensburgh_Central_station_-_geograph.org.uk_-_2413742.jpg,John Firth,CC BY-SA 2.0
platform,platform_inside-helensburgh-station-geograph-org-uk-3444322.jpg,https://commons.wikimedia.org/wiki/File:Inside_Helensburgh_Station_-_geograph.org.uk_-_3444322.jpg,Barbara Carr,CC BY-SA 2.0
platform,platform_jhargram-railway-station-platform-view.jpg,https://commons.wikimedia.org/wiki/File:Jhargram_Railway_Station_Platform_View.jpg,ARI,CC BY-SA 4.0
platform,platform_kings-cross-railway-station-platforms-5-to-8-london-uk-dilif.jpg,"https://commons.wikimedia.org/wiki/File:Kings_Cross_Railway_Station_Platforms_5_to_8,_London,_UK_-_Diliff.jpg",Diliff,CC BY-SA 3.0
platform,platform_kokubunji-station-platform-5-waiting-room-20131116.jpg,https://commons.wikimedia.org/wiki/File:Kokubunji_Station_platform_5_waiting_room_20131116.JPG,DAJF,CC BY-SA 3.0
platform,platform_loimaa-railway-station-with-passengers-waiting.jpg,https://commons.wikimedia.org/wiki/File:Loimaa_railway_station_with_passengers_waiting.JPG,Htm,CC BY-SA 3.0
platform,platform_long-platform-at-pentrebach-railway-station-geograph-org-uk-.jpg,https://commons.wikimedia.org/wiki/File:Long_platform_at_Pentrebach_railway_station_-_geograph.org.uk_-_3030210.jpg,Jaggery,CC BY-SA 2.0
platform,platform_main-platforms-at-helensburgh-central-station-geograph-org-u.jpg,https://commons.wikimedia.org/wiki/File:Main_platforms_at_Helensburgh_Central_station_-_geograph.org.uk_-_1916022.jpg,Anthony O'Neil,CC BY-SA 2.0
platform,platform_moscow-1982-train-station-waiting-on-platform.jpg,https://commons.wikimedia.org/wiki/File:Moscow_1982_train_station_waiting_on_platform.jpg,Smiley.toerist,CC BY-SA 3.0
platform,platform_narberth-railway-station-platform-geograph-org-uk-4593105.jpg,https://commons.wikimedia.org/wiki/File:Narberth_railway_station_platform_-_geograph.org.uk_-_4593105.jpg,Jaggery,CC BY-SA 2.0
platform,platform_newcastle-from-platform-of-redheugh-bridge-geograph-org-uk-1.jpg,https://commons.wikimedia.org/wiki/File:Newcastle_from_platform_of_Redheugh_Bridge_-_geograph.org.uk_-_1745158.jpg,Andrew Curtis,CC BY-SA 2.0
platform,platform_odawara-eki-2005-5-4-13.jpg,https://commons.wikimedia.org/wiki/File:Odawara-eki-2005-5-4_13.jpg,Syohei Arai,CC BY-SA 4.0
platform,platform_passengers-on-the-up-platform-waiting-for-oliver-cromwell-ge.jpg,https://commons.wikimedia.org/wiki/File:Passengers_on_the_up_platform_waiting_for_Oliver_Cromwell_-_geograph.org.uk_-_1249637.jpg,Basher Eyre,CC BY-SA 2.0
platform,platform_passengers-wait-on-the-loading-platform-at-night-at-the-fort.jpg,"https://commons.wikimedia.org/wiki/File:PASSENGERS_WAIT_ON_THE_LOADING_PLATFORM_AT_NIGHT_AT_THE_FORT_WORTH,_TEXAS,_STATION_FOR_THE_INTER-AMERICAN_TRAIN_TO..._-_NARA_-_556051.jpg",Charles O'Rear,Public domain
platform,platform_passengers-waiting-at-lechmere-station-february-2011.jpg,"https://commons.wikimedia.org/wiki/File:Passengers_waiting_at_Lechmere_station,_February_2011.jpg",Lucy Orloski,CC BY 2.0
platform,platform_people-on-the-loading-platform-at-east-glacier-park-montana-.jpg,"https://commons.wikimedia.org/wiki/File:PEOPLE_ON_THE_LOADING_PLATFORM_AT_EAST_GLACIER_PARK_MONTANA,_WATCH_THE_ARRIVAL_OF_THE_EMPIRE_BUILDER_(TRAIN_%5E7)_FROM..._-_NARA_-_556100.jpg",Charles O'Rear,Public domain
platform,platform_platform-1-didcot-parkway-railway-station-geograph-org-uk-45.jpg,"https://commons.wikimedia.org/wiki/File:Platform_1,_Didcot_Parkway_railway_station_-_geograph.org.uk_-_4569052.jpg",Jaggery,CC BY-SA 2.0
platform,platform_platform-1-from-platform-2-radyr-railway-station-cardiff-geo.jpg,"https://commons.wikimedia.org/wiki/File:Platform_1_from_Platform_2,_Radyr_railway_station,_Cardiff_(geograph_5574436).jpg",Jaggery,CC BY-SA 2.0
platform,platform_platform-1-howrah-junction-railway-station-india.jpg,"https://commons.wikimedia.org/wiki/File:Platform_1,_Howrah_Junction_Railway_Station,_India.jpg",Ravi Dwivedi,CC BY-SA 4.0
platform,platform_platform-1-of-langfang-railway-station-20160505120535.jpg,https://commons.wikimedia.org/wiki/File:Platform_1_of_Langfang_Railway_Station_(20160505120535).jpg,N509FZ,CC BY-SA 4.0
platform,platform_platform-1-waiting-zone-tra-ciding-station-20070709.jpg,"https://commons.wikimedia.org/wiki/File:Platform_1_waiting_zone,_TRA_Ciding_Station_20070709.jpg",SElefant,CC BY-SA 3.0
platform,platform_platform-1-york-railway-station-oct24.jpg,https://commons.wikimedia.org/wiki/File:Platform_1_York_railway_station_Oct24.jpg,Malcolmxl5,CC0
platform,platform_platform-12-of-howrah-railway-station.jpg,https://commons.wikimedia.org/wiki/File:Platform_12_of_Howrah_Railway_Station.jpg,Ravi Dwivedi,CC BY-SA 4.0
platform,platform_platform-14-and-15-of-howrah-railway-station-india.jpg,"https://commons.wikimedia.org/wiki/File:Platform_14_and_15_of_Howrah_Railway_Station,_India.jpg",Ravi Dwivedi,CC BY-SA 4.0
platform,platform_platform-2-halifax-railway-station-geograph-org-uk-3475382.jpg,https://commons.wikimedia.org/wiki/File:Platform_2_-_Halifax_Railway_Station_-_geograph.org.uk_-_3475382.jpg,Betty Longbottom,CC BY-SA 2.0
platform,platform_platform-21-of-howrah-railway-station-india.jpg,"https://commons.wikimedia.org/wiki/File:Platform_21_of_Howrah_Railway_Station,_India.jpg",Ravi Dwivedi,CC BY-SA 4.0
platform,platform_platform-2b-passengers-waiting-thsr-taichung-station-2009091.jpg,"https://commons.wikimedia.org/wiki/File:Platform_2B_passengers_waiting,_THSR_Taichung_Station_20090915.jpg",george ruiz,CC BY 2.0
platform,platform_platform-3-bridgend-railway-station-geograph-org-uk-4224228.jpg,"https://commons.wikimedia.org/wiki/File:Platform_3,_Bridgend_railway_station_-_geograph.org.uk_-_4224228.jpg",Jaggery,CC BY-SA 2.0
platform,platform_platform-3a-at-cardiff-central-railway-station-geograph-org-.jpg,https://commons.wikimedia.org/wiki/File:Platform_3A_at_Cardiff_Central_railway_station_-_geograph.org.uk_-_5065061.jpg,Jaggery,CC BY-SA 2.0
platform,platform_platform-6-of-howrah-junction-railway-station-india.jpg,"https://commons.wikimedia.org/wiki/File:Platform_6_of_Howrah_Junction_Railway_Station,_India.jpg",Ravi Dwivedi,CC BY-SA 4.0
platform,platform_platform-7-cardiff-central-railway-station-geograph-org-uk-3.jpg,"https://commons.wikimedia.org/wiki/File:Platform_7,_Cardiff_Central_railway_station_-_geograph.org.uk_-_3285534.jpg",Jaggery,CC BY-SA 2.0
platform,platform_platform-canopy-and-train-roofs-at-belvedere-station-geograp.jpg,https://commons.wikimedia.org/wiki/File:Platform_canopy_and_train_roofs_at_Belvedere_Station_-_geograph.org.uk_-_4365452.jpg,David Martin,CC BY-SA 2.0
platform,platform_platform-no-2-of-eluru-railway-station-01.jpg,https://commons.wikimedia.org/wiki/File:Platform_no.2_of_Eluru_Railway_station_(01).jpg,iMahesh,CC BY-SA 4.0
platform,platform_platform-no-2-of-eluru-railway-station-02.jpg,https://commons.wikimedia.org/wiki/File:Platform_no.2_of_Eluru_Railway_station_(02).jpg,iMahesh,CC BY-SA 4.0
platform,platform_platform-no-2-of-eluru-railway-station-03.jpg,https://commons.wikimedia.org/wiki/File:Platform_no.2_of_Eluru_Railway_station_(03).jpg,iMahesh,CC BY-SA 4.0
platform,platform_potton-railway-station-from-the-air.jpg,https://commons.wikimedia.org/wiki/File:Potton_Railway_Station_from_the_Air.jpg,Will Novick,CC BY-SA 4.0
platform,platform_railway-station-kreiensen-1963.jpg,https://commons.wikimedia.org/wiki/File:Railway_station_Kreiensen_1963.JPG,Michael Gäbler,CC BY 3.0
platform,platform_shin-keisei-railway-futawamukodai-station-platform-20100101.jpg,https://commons.wikimedia.org/wiki/File:Shin-keisei-railway-Futawamukodai-station-platform-20100101.jpg,LERK,CC BY 3.0
platform,platform_shin-keisei-railway-sl12-hatsutomi-station-platform-20151229.jpg,https://commons.wikimedia.org/wiki/File:Shin-keisei-railway-SL12-Hatsutomi-station-platform-20151229.jpg,LERK,CC BY-SA 3.0
platform,platform_sloping-canopy-platform-4-newport-railway-station-geograph-o.jpg,"https://commons.wikimedia.org/wiki/File:Sloping_canopy,_platform_4,_Newport_railway_station_-_geograph.org.uk_-_3173962.jpg",Jaggery,CC BY-SA 2.0
platform,platform_south-along-kilgetty-railway-station-platform-pembrokeshire-.jpg,"https://commons.wikimedia.org/wiki/File:South_along_Kilgetty_railway_station_platform,_Pembrokeshire_(geograph_5645897).jpg",Jaggery,CC BY-SA 2.0
platform,platform_srirangapatna-railway-station-platforms-north-jan24-a7c-0895.jpg,https://commons.wikimedia.org/wiki/File:Srirangapatna_Railway_Station_Platforms_North_Jan24_A7C_08959.jpg,"This Photo was taken by Timothy A. Gonsalves . Feel free to use my photos, but please mention me as the author. I would much appreciate if you send me an email tagooty@yahoo.com or write on my talk page , for my information. Please contact me before commercial use. Please do not upload an edited image here without consulting me. I would like to make corrections only at my own source to ensure that the changes improve the image and are preserved. Otherwise you may upload an edited image with a new name. Please use one of the templates derivative or extract .",CC BY-SA 4.0
platform,platform_statelibqld-1-115636-train-passengers-on-the-platform-at-mor.jpg,"https://commons.wikimedia.org/wiki/File:StateLibQld_1_115636_Train_passengers_on_the_platform_at_Morven_Railway_Station,_Queensland,_1933.jpg",,Public domain
platform,platform_takasaka-station-platform-waiting-room-20130610.jpg,https://commons.wikimedia.org/wiki/File:Takasaka_Station_platform_waiting_room_20130610.jpg,DAJF,CC BY-SA 3.0
platform,platform_the-lovely-interior-of-helensburgh-central-station-geograph-.jpg,https://commons.wikimedia.org/wiki/File:The_lovely_interior_of_Helensburgh_Central_Station_-_geograph.org.uk_-_5825788.jpg,Roger Cornfoot,CC BY-SA 2.0
platform,platform_tobu-railway-ts43-kameidosuijin-station-platform-20190914-10.jpg,https://commons.wikimedia.org/wiki/File:Tobu-railway-TS43-Kameidosuijin-station-platform-20190914-105007.jpg,LERK,CC BY-SA 4.0
platform,platform_tokyo-station-2005-7-21-4.jpg,https://commons.wikimedia.org/wiki/File:Tokyo-Station-2005-7-21_4.jpg,User:Araisyohei,CC BY-SA 3.0
platform,platform_two-tone-railway-station-canopy-roof-platform-2-caerphilly-g.jpg,"https://commons.wikimedia.org/wiki/File:Two-tone_railway_station_canopy_roof,_platform_2,_Caerphilly_-_geograph.org.uk_-_6290807.jpg",Jaggery,CC BY-SA 2.0
platform,platform_view-of-faisalabad-railway-platform-by-damn-cruze.jpg,https://commons.wikimedia.org/wiki/File:View_of_Faisalabad_Railway_platform_by_Damn_Cruze.jpg,Shahzaib Damn Cruze,CC BY-SA 4.0
platform,platform_waiting-for-a-train-geograph-org-uk-52060.jpg,https://commons.wikimedia.org/wiki/File:Waiting_for_a_train_-_geograph.org.uk_-_52060.jpg,Ron Strutt,CC BY-SA 2.0
platform,platform_waiting-for-the-off.jpg,https://commons.wikimedia.org/wiki/File:Waiting_for_the_Off.jpg,Martin Addison,CC BY-SA 2.0
platform,platform_waiting-for-the-train-geograph-org-uk-1652152.jpg,https://commons.wikimedia.org/wiki/File:Waiting_for_the_Train_-_geograph.org.uk_-_1652152.jpg,Peter Trimming,CC BY-SA 2.0
platform,platform_waiting-to-board-amtrak-in-galesburg.jpg,https://commons.wikimedia.org/wiki/File:Waiting_to_board_Amtrak_in_Galesburg.jpg,Doug Brown,CC BY-SA 2.0
signal,signal_.jpg,"https://commons.wikimedia.org/wiki/File:%D0%A2%D0%BE%D1%80%D0%B5%D1%82%D0%B0%D0%BC,_%D0%BC%D0%B0%D0%BD%D0%B5%D0%B2%D1%80%D0%BE%D0%B2%D1%8B%D0%B9_%D1%81%D0%B2%D0%B5%D1%82%D0%BE%D1%84%D0%BE%D1%80_%D0%BD%D0%B0_%D1%81%D1%82%D0%B0%D0%BD%D1%86%D0%B8%D0%B8.jpg",Nikolai Bulykin,CC BY-SA 4.0
signal,signal_4-aspect-signal-animation.jpg,https://commons.wikimedia.org/wiki/File:4_aspect_signal_animation.gif,Ivor the driver,CC BY-SA 4.0
signal,signal_a-railway-traffic-light-in-display-in-cooch-behar-rail-museu.jpg,https://commons.wikimedia.org/wiki/File:A_Railway_traffic_light_in_display_in_Cooch_Behar_Rail_Museum.jpg,2006nishan178713,CC BY-SA 4.0
signal,signal_adonis-utca-cog-wheel-railway-stop-vertical-light-signal-201.jpg,"https://commons.wikimedia.org/wiki/File:%27Adonis_utca%27_Cog-wheel_Railway_stop,_vertical_light_signal,_2018_Istenhegy.jpg",Globetrotter19,CC BY-SA 3.0
signal,signal_billingshurst-railway-station-july-2007-semaphore-signal-bt1.jpg,https://commons.wikimedia.org/wiki/File:Billingshurst_Railway_Station_(July_2007)_(Semaphore_Signal_BT12).JPG,Hassocks5489,CC0
signal,signal_bpkeletipu-jelzohid.jpg,https://commons.wikimedia.org/wiki/File:BpKeletipu_jelzohid.jpg,Szerkesztő:Joliet Jake,Public domain
signal,signal_bracket-semaphore-signal.jpg,https://commons.wikimedia.org/wiki/File:Bracket_Semaphore_signal.JPG,"Golf Bravo 09:52, 6 October 2007 (UTC)",Attribution
signal,signal_british-lower-quadrant-semaphore-railway-signal.jpg,https://commons.wikimedia.org/wiki/File:British_Lower_Quadrant_Semaphore_Railway_Signal.jpg,WaltTFB,CC BY-SA 3.0
signal,signal_celje-old-austrian-two-arm-railway-semaphore-signal.jpg,https://commons.wikimedia.org/wiki/File:Celje-old_Austrian_two_arm_railway_semaphore_signal.jpg,Ajznponar,CC BY-SA 3.0
signal,signal_cleethorpes-coast-light-railway-geograph-org-uk-5390771.jpg,https://commons.wikimedia.org/wiki/File:Cleethorpes_Coast_Light_Railway_-_geograph.org.uk_-_5390771.jpg,Mat Fascione,CC BY-SA 2.0
signal,signal_clipperstown-geograph-2714744-by-albert-bridge.jpg,https://commons.wikimedia.org/wiki/File:Clipperstown_-_geograph-2714744-by-Albert-Bridge.jpg,Albert Bridge,CC BY-SA 2.0
signal,signal_color-light-signal-sequence-de.png,https://commons.wikimedia.org/wiki/File:Color_light_signal_sequence_de.png,Wikipedia / Funkruf,CC BY-SA 3.0 de
signal,signal_colour-light-railway-signal-in-finland.jpg,https://commons.wikimedia.org/wiki/File:Colour_light_railway_signal_in_Finland.jpg,Pöllö,CC BY 3.0
signal,signal_colour-light-signal-by-railway-line-geograph-org-uk-881957.jpg,https://commons.wikimedia.org/wiki/File:Colour_light_signal_by_railway_line_-_geograph.org.uk_-_881957.jpg,Trish Steel,CC BY-SA 2.0
signal,signal_colour-light-signal-coleraine-station-geograph-org-uk-232303.jpg,"https://commons.wikimedia.org/wiki/File:Colour_light_signal,_Coleraine_station_-_geograph.org.uk_-_2323030.jpg",Albert Bridge,CC BY-SA 2.0
signal,signal_colour-light-signals-at-kidderminster-geograph-org-uk-310487.jpg,https://commons.wikimedia.org/wiki/File:Colour_light_signals_at_Kidderminster_-_geograph.org.uk_-_3104877.jpg,Rob Newman,CC BY-SA 2.0
signal,signal_colour-light-signals-on-tra-pingxi-line-near-shifen-station-.jpg,https://commons.wikimedia.org/wiki/File:Colour-light_signals_on_TRA_Pingxi_Line_near_Shifen_Station_2007-07-10.jpg,Cheng-en Cheng,CC BY-SA 2.0
signal,signal_csilleb-rc-station-children-s-railway-vertical-color-light-s.jpg,"https://commons.wikimedia.org/wiki/File:Csilleb%C3%A9rc_Station,_Children%27s_railway._Vertical_color_light_signals._-_Budapest.JPG",Globetrotter19,CC BY-SA 3.0
signal,signal_cut-down-colour-light-signal-post-south-of-the-tunnel.jpg,https://commons.wikimedia.org/wiki/File:Cut_down_colour_light_signal_post_south_of_the_tunnel.jpg,kitmasterbloke,CC BY 2.0
signal,signal_didcot-signal-box.jpg,https://commons.wikimedia.org/wiki/File:Didcot_Signal_Box.jpg,hugh llewelyn,CC BY-SA 2.0
signal,signal_distant-signal-hermsdorf-klosterlausnitz-west.jpg,https://commons.wikimedia.org/wiki/File:Distant_signal_Hermsdorf-Klosterlausnitz_west.jpg,Steffen Mokosch,CC BY-SA 4.0
signal,signal_disused-railway-signal-gantry-willoughby-geograph-org-uk-139.jpg,"https://commons.wikimedia.org/wiki/File:Disused_railway_signal_gantry,_Willoughby_-_geograph.org.uk_-_1393110.jpg",Andy F,CC BY-SA 2.0
signal,signal_down-lines-signal-gantry-west-of-rugby-railway-station-geogr.jpg,https://commons.wikimedia.org/wiki/File:Down_lines_signal_gantry_west_of_Rugby_railway_station_-_geograph.org.uk_-_1337119.jpg,Andy F,CC BY-SA 2.0
signal,signal_epping-ongar-railway-north-weald-semaphore-railway-signal-es.jpg,https://commons.wikimedia.org/wiki/File:Epping-Ongar-Railway_North_Weald_Semaphore_railway_signal_Essex_England.jpg,Acabashi,CC BY-SA 4.0
signal,signal_footbridge-and-semaphore-signal-at-the-southern-end-of-aberg.jpg,https://commons.wikimedia.org/wiki/File:Footbridge_and_semaphore_signal_at_the_southern_end_of_Abergavenny_railway_station_-_geograph.org.uk_-_5639843.jpg,Jaggery,CC BY-SA 2.0
signal,signal_fort-collins-municipal-railway-tracks-and-signal-at-n-shield.jpg,https://commons.wikimedia.org/wiki/File:Fort_Collins_Municipal_Railway_tracks_and_signal_at_N_Shields_St_2026-02-04.jpg,Xnatedawgx,CC BY-SA 4.0
signal,signal_four-aspect-colour-light-signal-with-semaphore-behind-southe.jpg,"https://commons.wikimedia.org/wiki/File:Four_aspect_colour_light_signal,_with_semaphore_behind,_Southern_Railway_(CJ_Allen,_Steel_Highway,_1928).jpg",Andy Dingley (scanner),Public domain
signal,signal_gantry-of-sri-lanka-semaphore-signals-main-line-sri-lanka.jpg,"https://commons.wikimedia.org/wiki/File:Gantry_of_Sri_Lanka_semaphore_signals,main_line,Sri_Lanka.JPG",katorisi,CC BY-SA 3.0
signal,signal_hungarian-4-light-railway-signal.jpg,https://commons.wikimedia.org/wiki/File:Hungarian_4_light_railway_signal.jpg,Atoka220,CC0
signal,signal_img-d2b3a74681.jpg,"https://commons.wikimedia.org/wiki/File:%D0%A2%D0%BE%D1%80%D0%B5%D1%82%D0%B0%D0%BC,_%D0%BC%D0%B0%D0%BD%D0%B5%D0%B2%D1%80%D0%BE%D0%B2%D1%8B%D0%B9_%D1%81%D0%B2%D0%B5%D1%82%D0%BE%D1%84%D0%BE%D1%80_%D0%BD%D0%B0_%D1%81%D1%82%D0%B0%D0%BD%D1%86%D0%B8%D0%B8.jpg",Nikolai Bulykin,CC BY-SA 4.0
signal,signal_inoi-distant-railway-signals-south.jpg,https://commons.wikimedia.org/wiki/File:Inoi_distant_railway_signals_(south).jpg,© 2010 K. Krallis SV1XV,CC BY-SA 3.0
signal,signal_ktmb-colour-light-signal-at-kuala-lumpur-station-in-parallel.jpg,https://commons.wikimedia.org/wiki/File:KTMB_Colour_Light_Signal_at_Kuala_Lumpur_Station_in_parallel.jpg,Chareinity,CC0
signal,signal_ktmb-colour-light-signal-at-kuala-lumpur-station.jpg,https://commons.wikimedia.org/wiki/File:KTMB_Colour_Light_Signal_at_Kuala_Lumpur_Station.jpg,Chareinity,CC0
signal,signal_led-colour-light-signal.jpg,https://commons.wikimedia.org/wiki/File:Led-colour-light-signal.jpg,Marcus Wong Wongm,CC BY-SA 4.0
signal,signal_level-crossing-and-signal-cabin-moira-geograph-org-uk-503752.jpg,"https://commons.wikimedia.org/wiki/File:Level_crossing_and_signal_cabin,_Moira_-_geograph.org.uk_-_503752.jpg",Albert Bridge,CC BY-SA 2.0
signal,signal_lisburn-signal-cabin-last-night-geograph-3605037.jpg,https://commons.wikimedia.org/wiki/File:Lisburn_signal_cabin_-_last_night_(geograph_3605037).jpg,The Carlisle Kid,CC BY-SA 2.0
signal,signal_ljubljana-railway-museum-entrance-2019-07-12.jpg,https://commons.wikimedia.org/wiki/File:Ljubljana_Railway_Museum_entrance_2019-07-12.jpg,Herbert Ortner,CC BY 4.0
signal,signal_lms-signal-willesdenjcn.png,https://commons.wikimedia.org/wiki/File:LMS-Signal-WillesdenJcn.png,Spsmiler,CC0
signal,signal_looking-south-from-quorn-and-woodhouse-station-with-the-sign.jpg,https://commons.wikimedia.org/wiki/File:Looking_south_from_Quorn_and_Woodhouse_Station_with_the_signal_box_on_the_left.jpg,Tom Axford 1,CC BY-SA 4.0
signal,signal_m-v-376-and-semaphore-signal-2017-m-t-szalka.jpg,"https://commons.wikimedia.org/wiki/File:M%C3%81V_376_and_semaphore_signal,_2017_M%C3%A1t%C3%A9szalka.jpg",Globetrotter19,CC BY-SA 3.0
signal,signal_mid-suffolk-light-railway-signal-2024-07-21.jpg,"https://commons.wikimedia.org/wiki/File:Mid-Suffolk_Light_Railway_Signal,_2024-07-21.jpg",Matt Brown,CC BY 2.0
signal,signal_monza-railway-taeznyj-home-light-signal-16146604496.jpg,https://commons.wikimedia.org/wiki/File:Monza_railway._Taeznyj_home_light_signal._(16146604496).jpg,"Artem Svetlov from Moscow, Russia",CC BY 2.0
signal,signal_national-railway-museum-port-adelaide-20260509-111057.jpg,"https://commons.wikimedia.org/wiki/File:National_Railway_Museum,_Port_Adelaide_20260509-111057.jpg",RegionVisitor90,CC0
signal,signal_nsw-railway-signal-example-a.jpg,https://commons.wikimedia.org/wiki/File:NSW_Railway_Signal_Example_-_A.jpg,Aebion,CC0
signal,signal_nsw-railway-signal-example-end-single-light-indication.jpg,https://commons.wikimedia.org/wiki/File:NSW_Railway_Signal_Example_-_end_single_light_indication.jpg,Aebion,CC0
signal,signal_nsw-railway-signal-example-warning-light-array.jpg,https://commons.wikimedia.org/wiki/File:NSW_Railway_Signal_Example_-_warning_light_array.jpg,Aebion,CC0
signal,signal_nsw-railway-signal-example-warning-light-bulb.jpg,https://commons.wikimedia.org/wiki/File:NSW_Railway_Signal_Example_-_warning_light_bulb.jpg,Aebion,CC0
signal,signal_nz-railway-low-speed-light.jpg,https://commons.wikimedia.org/wiki/File:NZ_Railway_Low_Speed_Light.jpg,Aebion,CC0
signal,signal_nz-railway-signal-a-light.jpg,https://commons.wikimedia.org/wiki/File:NZ_Railway_Signal_A_Light.jpg,Lcmortensen,CC BY-SA 3.0
signal,signal_nz-railway-signal-loop-light.jpg,https://commons.wikimedia.org/wiki/File:NZ_Railway_Signal_Loop_Light.jpg,DB Thats-Me,CC BY 3.0
signal,signal_olour-light-signal-near-tunnel-zaporizhzhya-children-railway.jpg,"https://commons.wikimedia.org/wiki/File:%D0%A1olour_light_signal_near_tunnel,_Zaporizhzhya_children_railway.jpg",Yaroslaw Ermakov,CC BY-SA 4.0
signal,signal_ose-signal-fp12.jpg,https://commons.wikimedia.org/wiki/File:OSE_signal_FP12.gif,K. Krallis ( SV1XV ),CC0
signal,signal_petone-signal-14-with-a-light-and-matangi-unit.jpg,https://commons.wikimedia.org/wiki/File:Petone_signal_14_with_A_light_and_Matangi_unit.jpg,Lcmortensen,CC BY-SA 3.0
signal,signal_pickering-mmb-08-north-yorkshire-moors-railway-new-bridge-si.jpg,https://commons.wikimedia.org/wiki/File:Pickering_MMB_08_North_Yorkshire_Moors_Railway_(New_Bridge_Signal_Box).jpg,mattbuck ( category ),CC BY-SA 3.0
signal,signal_pl-signal-rule-285a-fullorr-475.png,"https://commons.wikimedia.org/wiki/File:PL_signal,RULE_285A,FULLorR%EF%BC%88475%EF%BC%89.png",Jeffrey N06,CC0
signal,signal_pl-signal-rule-289a-fullorr-501.png,"https://commons.wikimedia.org/wiki/File:PL_signal,RULE_289A.FULLorR%EF%BC%88501%EF%BC%89.png",Jeffrey N06,CC0
signal,signal_pl-signal-rule-292-a-fullorr-659.png,"https://commons.wikimedia.org/wiki/File:PL_signal,RULE_292,A.FULLorR%EF%BC%88659%EF%BC%89.png",Jeffrey N06,CC0
signal,signal_railway-line-to-the-east-of-greenford-station-geograph-org-u.jpg,https://commons.wikimedia.org/wiki/File:Railway_line_to_the_east_of_Greenford_station_-_geograph.org.uk_-_1385631.jpg,Oxyman,CC BY-SA 2.0
signal,signal_railway-semaphore-signal-in-tra-xinwuri-station-20131117.jpg,https://commons.wikimedia.org/wiki/File:Railway_semaphore_signal_in_TRA_Xinwuri_Station_20131117.jpg,Solomon203,CC BY-SA 4.0
signal,signal_railway-semaphore-signal-levers-in-cianjur-station.jpg,https://commons.wikimedia.org/wiki/File:Railway_semaphore_signal_levers_in_Cianjur_Station.jpg,Gupt24,CC BY-SA 3.0
signal,signal_railway-semaphore-signal-with-a-birdhouse.jpg,https://commons.wikimedia.org/wiki/File:Railway_semaphore_signal_with_a_birdhouse.JPG,Metrónomo,CC BY-SA 2.5 ar
signal,signal_railway-semaphore-signal-with-a-wooden-birdhouse.jpg,https://commons.wikimedia.org/wiki/File:Railway_semaphore_signal_with_a_wooden_birdhouse.JPG,Metrónomo,CC BY-SA 2.5 ar
signal,signal_railway-semaphore-signals-geograph-org-uk-6994272.jpg,https://commons.wikimedia.org/wiki/File:Railway_semaphore_signals_-_geograph.org.uk_-_6994272.jpg,Alan Hughes,CC BY-SA 2.0
signal,signal_railway-signal-attiki-15-3.jpg,https://commons.wikimedia.org/wiki/File:Railway_Signal_Attiki_15-3.jpg,© 2010 K. Krallis ( SV1XV ),CC BY-SA 3.0
signal,signal_railway-signal-japan.jpg,https://commons.wikimedia.org/wiki/File:Railway_signal_japan.JPG,toshinori baba,Public domain
signal,signal_railway-signal-lia10.jpg,https://commons.wikimedia.org/wiki/File:Railway_signal_LIA10.JPG,© 2009 K. Krallis ( SV1XV ),CC BY-SA 3.0
signal,signal_railway-signal-s394cp-yellow-union-station-light-rail.jpg,"https://commons.wikimedia.org/wiki/File:Railway_signal_S394CP,_yellow,_Union_Station_light_rail.jpg",Xnatedawgx,CC BY-SA 4.0
signal,signal_railway-signal-thission-vs7.jpg,https://commons.wikimedia.org/wiki/File:Railway_Signal_Thission_Vs7.jpg,© 2009 K. Krallis ( SV1XV ),CC BY-SA 3.0
signal,signal_railway-signals-bleach-green-jct-near-whiteabbey-geograph-or.jpg,"https://commons.wikimedia.org/wiki/File:Railway_signals,_Bleach_Green_Jct_near_Whiteabbey_-_geograph.org.uk_-_1601572.jpg",Albert Bridge,CC BY-SA 2.0
signal,signal_red-semaphore-railway-signal-aberkenfig-geograph-org-uk-3391.jpg,"https://commons.wikimedia.org/wiki/File:Red_semaphore_railway_signal,_Aberkenfig_-_geograph.org.uk_-_3391639.jpg",Jaggery,CC BY-SA 2.0
signal,signal_red-semaphore-signal-abergavenny-geograph-org-uk-7665801.jpg,"https://commons.wikimedia.org/wiki/File:Red_semaphore_signal,_Abergavenny_-_geograph.org.uk_-_7665801.jpg",Jaggery,CC BY-SA 2.0
signal,signal_red-signal-holmwood-railway-station-surrey.jpg,"https://commons.wikimedia.org/wiki/File:Red_signal,_Holmwood_railway_station,_Surrey.jpg",Mertbiol,CC0
signal,signal_replica-of-indonesia-s-semaphore-signalling-museum-angkut-ba.jpg,"https://commons.wikimedia.org/wiki/File:Replica_of_Indonesia%27s_Semaphore_Signalling_@_Museum_Angkut,Batu.jpg",ZidaneHartono,CC BY-SA 4.0
signal,signal_scarborough-station-signal-gantry-geograph-org-uk-1046412.jpg,https://commons.wikimedia.org/wiki/File:Scarborough_station_signal_gantry_-_geograph.org.uk_-_1046412.jpg,Ashley Dace,CC BY-SA 2.0
signal,signal_semaphore-railway-signal-at-the-wakayanagi-station.jpg,https://commons.wikimedia.org/wiki/File:Semaphore_railway_signal_at_the_Wakayanagi_station.jpg,Original uploader was ja:User:↑ＰＯＮ at ja.wikipedia,CC BY-SA 3.0
signal,signal_semaphore-railway-signal-geograph-org-uk-285124.jpg,https://commons.wikimedia.org/wiki/File:Semaphore_Railway_Signal_-_geograph.org.uk_-_285124.jpg,Hywel Williams,CC BY-SA 2.0
signal,signal_semaphore-railway-signal-lever-frames-perth-station.jpg,https://commons.wikimedia.org/wiki/File:Semaphore_Railway_Signal_Lever_Frames_@_Perth_Station.jpg,ZidaneHartono,CC BY-SA 4.0
signal,signal_semaphore-signal-at-lowestoft-station-geograph-org-uk-222662.jpg,https://commons.wikimedia.org/wiki/File:Semaphore_Signal_at_Lowestoft_Station_-_geograph.org.uk_-_2226629.jpg,Glen Denny,CC BY-SA 2.0
signal,signal_semaphore-signal-at-m-v-376-631-locomotive-monument-2019-ajk.jpg,"https://commons.wikimedia.org/wiki/File:Semaphore_signal_at_M%C3%81V_376-631_locomotive_monument,_2019_Ajka.jpg",Globetrotter19,CC BY-SA 3.0
signal,signal_semaphore-signal-at-shaw-and-crompton-station-geograph-org-u.jpg,https://commons.wikimedia.org/wiki/File:Semaphore_signal_at_Shaw_and_Crompton_Station_-_geograph.org.uk_-_1102656.jpg,Peter Thwaite,CC BY-SA 2.0
signal,signal_semaphore-signal-gantry-knaresborough-railway-station-24th-a.jpg,"https://commons.wikimedia.org/wiki/File:Semaphore_signal_gantry,_Knaresborough_railway_station_(24th_August_2019).jpg",Mtaylor848,CC BY-SA 4.0
signal,signal_semaphore-signal-geograph-org-uk-1412546.jpg,https://commons.wikimedia.org/wiki/File:Semaphore_signal_-_geograph.org.uk_-_1412546.jpg,Ashley Dace,CC BY-SA 2.0
signal,signal_semaphore-signal-picture-spot-21041313381.jpg,https://commons.wikimedia.org/wiki/File:Semaphore_signal_-_Picture_spot_(21041313381).jpg,先従隗始,CC0
signal,signal_semaphore-signal-t6-truro-geograph-org-uk-4726835.jpg,"https://commons.wikimedia.org/wiki/File:Semaphore_signal_T6,_Truro_-_geograph.org.uk_-_4726835.jpg",Jaggery,CC BY-SA 2.0
signal,signal_semaphore-signals-and-signal-box-consall-staffordshire-geogr.jpg,"https://commons.wikimedia.org/wiki/File:Semaphore_signals_and_signal_box,_Consall,_Staffordshire_-_geograph.org.uk_-_6296992.jpg",Roger D Kidd,CC BY-SA 2.0
signal,signal_semaphore-signals-and-signal-box-lowestoft-4738920777.jpg,"https://commons.wikimedia.org/wiki/File:Semaphore_signals_and_signal_box,_Lowestoft_(4738920777).jpg",Sludge G,CC BY-SA 2.0
signal,signal_semaphore-signals-at-barrow-station-geograph-org-uk-6971608.jpg,https://commons.wikimedia.org/wiki/File:Semaphore_signals_at_Barrow_Station_-_geograph.org.uk_-_6971608.jpg,Raymond Knapman,CC BY-SA 2.0
signal,signal_semaphore-signals-at-dalwhinnie-geograph-org-uk-4170898.jpg,https://commons.wikimedia.org/wiki/File:Semaphore_signals_at_Dalwhinnie_-_geograph.org.uk_-_4170898.jpg,John Lucas,CC BY-SA 2.0
signal,signal_semaphore-signals-at-lowestoft-station-geograph-org-uk-21120.jpg,https://commons.wikimedia.org/wiki/File:Semaphore_signals_at_Lowestoft_station_-_geograph.org.uk_-_2112002.jpg,Glen Denny,CC BY-SA 2.0
signal,signal_semaphore-signals-at-lowestoft-station-geograph-org-uk-22266.jpg,https://commons.wikimedia.org/wiki/File:Semaphore_Signals_at_Lowestoft_Station_-_geograph.org.uk_-_2226615.jpg,Glen Denny,CC BY-SA 2.0
signal,signal_semaphore-signals-aviemore-geograph-org-uk-2410666.jpg,"https://commons.wikimedia.org/wiki/File:Semaphore_Signals,_Aviemore_-_geograph.org.uk_-_2410666.jpg",Martin Addison,CC BY-SA 2.0
signal,signal_semaphore-signals-geograph-org-uk-7045367.jpg,https://commons.wikimedia.org/wiki/File:Semaphore_signals_-_geograph.org.uk_-_7045367.jpg,Philip Halling,CC BY-SA 2.0
signal,signal_semaphore-signals-harrogate-railway-station-19th-april-2019-.jpg,"https://commons.wikimedia.org/wiki/File:Semaphore_signals,_Harrogate_railway_station_(19th_April_2019)_001.jpg",Mtaylor848,CC BY-SA 4.0
signal,signal_semaphore-signals-north-of-platform-2-appleby-railway-statio.jpg,"https://commons.wikimedia.org/wiki/File:Semaphore_signals_north_of_Platform_2,_Appleby_Railway_Station_-_geograph.org.uk_-_6832978.jpg",JThomas,CC BY-SA 2.0
signal,signal_semaphore-type-signal-at-hulevik-2026.jpg,https://commons.wikimedia.org/wiki/File:Semaphore_type_signal_at_Hulevik_2026.jpg,Gestumblindi,CC BY-SA 4.0
signal,signal_shunting-signal-with-red-light-in-osaka-station-2020.jpg,https://commons.wikimedia.org/wiki/File:Shunting_signal_with_red_light_in_Osaka_station_2020.jpg,運動会プロテインパワー,CC BY-SA 4.0
signal,signal_sidings-with-semaphore-signal-at-laurencekirk-station-geogra.jpg,https://commons.wikimedia.org/wiki/File:Sidings_with_semaphore_signal_at_Laurencekirk_station_-_geograph.org.uk_-_3354833.jpg,Stanley Howe,CC BY-SA 2.0
signal,signal_signal-box-fenland-light-railway-ramsey-mereside-geograph-or.jpg,"https://commons.wikimedia.org/wiki/File:Signal_box,_Fenland_Light_Railway,_Ramsey_Mereside_-_geograph.org.uk_-_5815179.jpg",Christine Johnstone,CC BY-SA 2.0
signal,signal_signal-box-wells-and-walsingham-light-railway-geograph-org-u.jpg,"https://commons.wikimedia.org/wiki/File:Signal_Box,_Wells_and_Walsingham_Light_Railway_-_geograph.org.uk_-_6193605.jpg",Roger Cornfoot,CC BY-SA 2.0
signal,signal_signal-box-wells-walsingham-light-railway-geograph-org-uk-23.jpg,"https://commons.wikimedia.org/wiki/File:Signal_box,_Wells_%5E_Walsingham_Light_Railway_-_geograph.org.uk_-_2341900.jpg",Rob Candlish,CC BY-SA 2.0
signal,signal_signal-downshire-station-geograph-org-uk-1001536.jpg,"https://commons.wikimedia.org/wiki/File:Signal,_Downshire_station_-_geograph.org.uk_-_1001536.jpg",Albert Bridge,CC BY-SA 2.0
signal,signal_signal-gantry-at-denchworth-geograph-org-uk-1539438.jpg,https://commons.wikimedia.org/wiki/File:Signal_gantry_at_Denchworth_-_geograph.org.uk_-_1539438.jpg,Steve Daniels,CC BY-SA 2.0
signal,signal_signal-gantry-at-newton-abbot-station-geograph-org-uk-103265.jpg,https://commons.wikimedia.org/wiki/File:Signal_Gantry_at_Newton_Abbot_Station_-_geograph.org.uk_-_1032655.jpg,Tim Marshall,CC BY-SA 2.0
signal,signal_signal-gantry-at-steventon-geograph-org-uk-1537441.jpg,https://commons.wikimedia.org/wiki/File:Signal_gantry_at_Steventon_-_geograph.org.uk_-_1537441.jpg,Steve Daniels,CC BY-SA 2.0
signal,signal_signal-gantry-basingstoke-east-geograph-org-uk-1063592.jpg,https://commons.wikimedia.org/wiki/File:Signal_gantry_-_Basingstoke_east_-_geograph.org.uk_-_1063592.jpg,Sebastian Ballard,CC BY-SA 2.0
signal,signal_signal-gantry-by-denchworth-road-bridge-geograph-org-uk-1540.jpg,https://commons.wikimedia.org/wiki/File:Signal_gantry_by_Denchworth_Road_Bridge_-_geograph.org.uk_-_1540674.jpg,Steve Daniels,CC BY-SA 2.0
signal,signal_signal-gantry-by-the-a420-geograph-org-uk-1547022.jpg,https://commons.wikimedia.org/wiki/File:Signal_gantry_by_the_A420_-_geograph.org.uk_-_1547022.jpg,Steve Daniels,CC BY-SA 2.0
signal,signal_signal-gantry-geograph-org-uk-1467570.jpg,https://commons.wikimedia.org/wiki/File:Signal_gantry_-_geograph.org.uk_-_1467570.jpg,Andrew Hill,CC BY-SA 2.0
signal,signal_signal-gantry-hythe-station-geograph-org-uk-795611.jpg,https://commons.wikimedia.org/wiki/File:Signal_Gantry_-_Hythe_Station_-_geograph.org.uk_-_795611.jpg,Sebastian Ballard,CC BY-SA 2.0
signal,signal_signal-gantry-near-goosey-geograph-org-uk-1539444.jpg,https://commons.wikimedia.org/wiki/File:Signal_gantry_near_Goosey_-_geograph.org.uk_-_1539444.jpg,Steve Daniels,CC BY-SA 2.0
signal,signal_signal-gantry-newark-northgate-railway-station-geograph-org-.jpg,https://commons.wikimedia.org/wiki/File:Signal_gantry_Newark_Northgate_Railway_Station_-_geograph.org.uk_-_707626.jpg,Steve F,CC BY-SA 2.0
signal,signal_signal-graz-bstg1.jpg,https://commons.wikimedia.org/wiki/File:Signal_Graz_BStg1.jpg,Abutoum,Public domain
signal,signal_signal-light-at-mymensingh-railway-station.jpg,https://commons.wikimedia.org/wiki/File:Signal_Light_at_Mymensingh_Railway_Station.jpg,Wasiul Bahar,CC BY-SA 4.0
signal,signal_signal-light-for-train-drivers-in-belgian-railway-stations.jpg,https://commons.wikimedia.org/wiki/File:Signal_light_for_train_drivers_in_Belgian_railway_stations.jpg,No machine-readable author provided. Alis assumed (based on copyright claims).,Public domain
signal,signal_somersault-signal-clipperstown-carrickfergus-geograph-org-uk.jpg,"https://commons.wikimedia.org/wiki/File:Somersault_signal,_Clipperstown,_Carrickfergus_-_geograph.org.uk_-_2713618.jpg",Albert Bridge,CC BY-SA 2.0
signal,signal_south-australian-railways-colour-light-signal-at-virginia-on.jpg,https://commons.wikimedia.org/wiki/File:South_Australian_Railways_colour-light_signal_at_Virginia_on_Port_Pirie_line_(GN07480).jpg,South Australian Railways photographer,Public domain
signal,signal_standish-junction-signal-box-geograph-org-uk-302785.jpg,https://commons.wikimedia.org/wiki/File:Standish_Junction_Signal_Box_-_geograph.org.uk_-_302785.jpg,David Stowell,CC BY-SA 2.0
signal,signal_voi-railway-station-mgr-2025-06.jpg,"https://commons.wikimedia.org/wiki/File:Voi_railway_station_(MGR),_2025_(06).jpg",Bahnfrend,CC BY-SA 4.0
signal,signal_waterhouses-signal-box-at-amerton-railway.jpg,https://commons.wikimedia.org/wiki/File:Waterhouses_Signal_Box_at_Amerton_Railway.jpg,Kris Douglas,CC BY-SA 4.0
signal,signal_wells-walsingham-light-railway-signal-box-geograph-org-uk-19.jpg,https://commons.wikimedia.org/wiki/File:Wells_%5E_Walsingham_Light_Railway_-_signal_box_-_geograph.org.uk_-_1959896.jpg,Evelyn Simak,CC BY-SA 2.0
track,track_10-ton-grafton-permanent-way-crane.jpg,https://commons.wikimedia.org/wiki/File:10-ton_Grafton_Permanent_Way_Crane.jpg,Alan C King,Public domain
track,track_14-33-29-ouv-schoenenbourg.jpg,https://commons.wikimedia.org/wiki/File:14-33-29-ouv-schoenenbourg.jpg,Thomas Bresson,CC BY 3.0
track,track_60-045-the-permanent-way-institution-toton-071022.jpg,https://commons.wikimedia.org/wiki/File:60_045_The_Permanent_Way_Institution_Toton_071022.jpg,kitmasterbloke,CC BY 2.0
track,track_a-gauntlet-track-in-amsterdam.jpg,https://commons.wikimedia.org/wiki/File:A_gauntlet_track_in_Amsterdam.jpg,Russ Nelson,CC BY-SA 2.0
track,track_armamento-ferroviario-20496.jpg,https://commons.wikimedia.org/wiki/File:Armamento_ferroviario_(20496).jpg,Al*from*Lig,CC BY-SA 4.0
track,track_concrete-permanent-way-hut-geograph-org-uk-606071.jpg,https://commons.wikimedia.org/wiki/File:Concrete_permanent_way_hut_-_geograph.org.uk_-_606071.jpg,Rosemary Oakeshott,CC BY-SA 2.0
track,track_derelict-permanent-way-hut-geograph-org-uk-2095872.jpg,https://commons.wikimedia.org/wiki/File:Derelict_permanent_way_hut_-_geograph.org.uk_-_2095872.jpg,Glen Denny,CC BY-SA 2.0
track,track_duisburg-landschaftspark-duisburg-nord-2016-1217.jpg,"https://commons.wikimedia.org/wiki/File:Duisburg,_Landschaftspark_Duisburg-Nord_--_2016_--_1217.jpg",Dietmar Rabich,CC BY-SA 4.0
track,track_first-day-of-soham-railway-station-rail-joint.jpg,https://commons.wikimedia.org/wiki/File:First_day_of_Soham_railway_station_-_rail_joint.jpg,Chris McKenna,CC BY-SA 4.0
track,track_footpath-towards-the-permanent-way-geograph-org-uk-6813298.jpg,https://commons.wikimedia.org/wiki/File:Footpath_towards_the_%E2%80%9CPermanent_Way%E2%80%9D_-_geograph.org.uk_-_6813298.jpg,Glyn Baker,CC BY-SA 2.0
track,track_from-film-permanent-way-1961-kenya-railways.jpg,https://commons.wikimedia.org/wiki/File:From_film_Permanent_Way._1961._Kenya_Railways.jpg,Amarjit Chandan,CC BY 4.0
track,track_gauntlet-k9514-a.jpg,https://commons.wikimedia.org/wiki/File:Gauntlet_K9514_a.jpg,Sarang,Public domain
track,track_gauntlet-k9514-b.jpg,https://commons.wikimedia.org/wiki/File:Gauntlet_K9514_b.jpg,Sarang,Public domain
track,track_gauntlet-k9514-c.jpg,https://commons.wikimedia.org/wiki/File:Gauntlet_K9514_c.jpg,Sarang,Public domain
track,track_gauntlet-k9514-d.jpg,https://commons.wikimedia.org/wiki/File:Gauntlet_K9514_d.jpg,Sarang,Public domain
track,track_gauntlet-k9514-e.jpg,https://commons.wikimedia.org/wiki/File:Gauntlet_K9514_e.jpg,Sarang,Public domain
track,track_gauntlet-k9514-g.jpg,https://commons.wikimedia.org/wiki/File:Gauntlet_K9514_g.jpg,Sarang,Public domain
track,track_gauntlet-k9514-i.jpg,https://commons.wikimedia.org/wiki/File:Gauntlet_K9514_i.jpg,Sarang,Public domain
track,track_gauntlet-track-at-hillsborough-tram-stop-close-up.jpg,https://commons.wikimedia.org/wiki/File:Gauntlet_track_at_Hillsborough_Tram_Stop_close_up.jpg,Tramwayphotos,CC0
track,track_gauntlet-track-at-hillsborough-tram-stop.jpg,https://commons.wikimedia.org/wiki/File:Gauntlet_track_at_Hillsborough_Tram_Stop.jpg,Tramwayphotos,CC0
track,track_gauntlet-track-at-rohnert-park-station-april-2018.jpg,"https://commons.wikimedia.org/wiki/File:Gauntlet_track_at_Rohnert_Park_station,_April_2018.JPG",Pi.1415926535,CC BY-SA 3.0
track,track_gauntlet-track-at-wallingford-station-december-2017.jpg,"https://commons.wikimedia.org/wiki/File:Gauntlet_track_at_Wallingford_station,_December_2017.JPG",Pi.1415926535,CC BY-SA 3.0
track,track_gauntlet-track-for-trams-in-amsterdam.jpg,https://commons.wikimedia.org/wiki/File:Gauntlet_track_for_trams_in_Amsterdam.jpg,Leo-setä,CC BY 2.0
track,track_gauntlet-track-in-letensk-street01.jpg,https://commons.wikimedia.org/wiki/File:Gauntlet_track_in_Letensk%C3%A1_street01.jpg,Sloggi,CC BY-SA 4.0
track,track_glasgow-permanent-way-tram-geograph-org-uk-633635.jpg,https://commons.wikimedia.org/wiki/File:Glasgow_permanent_way_tram_-_geograph.org.uk_-_633635.jpg,Chris Coleman,CC BY-SA 2.0
track,track_gwr-aa6-toad-40362-permanent-way-brake-at-kidderminster.jpg,https://commons.wikimedia.org/wiki/File:GWR_AA6_Toad_40362_Permanent_Way_Brake_at_Kidderminster.JPG,Geof Sheppard,CC BY-SA 4.0
track,track_hand-operated-railroad-switch.jpg,https://commons.wikimedia.org/wiki/File:Hand-operated_railroad_switch.jpg,PIVISO,CC0
track,track_heilbronn-gauntlet-tracks.jpg,https://commons.wikimedia.org/wiki/File:Heilbronn_gauntlet_tracks.jpg,Template:Sarang,Public domain
track,track_horseshoe-curve-aerial-photo-march-2006.jpg,"https://commons.wikimedia.org/wiki/File:Horseshoe_Curve_aerial_photo,_March_2006.jpg","Center for Earth Resources Observation and Science , United States Geological Survey",Public domain
track,track_j30-507-bf-once-de-septiembre-weichenverschlingung.jpg,"https://commons.wikimedia.org/wiki/File:J30_507_Bf_Once_de_Septiembre,_Weichenverschlingung.jpg",Falk2,CC BY-SA 4.0
track,track_lavra-s-lift.jpg,https://commons.wikimedia.org/wiki/File:Lavra%27s_Lift.jpg,Pedro Simões,CC BY 2.0
track,track_london-county-council-tramways-106-approaching-the-bowes-lyo.jpg,"https://commons.wikimedia.org/wiki/File:London_County_Council_Tramways_106_approaching_the_Bowes_Lyon_bridge,_1989_-_geograph.org.uk_-_6541344.jpg",Alan Murray-Rust,CC BY-SA 2.0
track,track_mainz-neustadt-bismarckplatz-gleisverschlingung.jpg,"https://commons.wikimedia.org/wiki/File:Mainz-Neustadt_-_Bismarckplatz,_Gleisverschlingung.jpg",ManuelB701,CC0
track,track_mh-eisenbahnweiche-mit-handhebel.jpeg,https://commons.wikimedia.org/wiki/File:Mh_eisenbahnweiche_mit_handhebel.jpeg,No machine-readable author provided. LosHawlos assumed (based on copyright claims).,CC BY-SA 3.0
track,track_moscow-gauntlet-track-at-syromyatnichesky-passage-2828418169.jpg,"https://commons.wikimedia.org/wiki/File:Moscow,_gauntlet_track_at_Syromyatnichesky_Passage_(28284181699).jpg","Andrey Filippov 安德烈 from Moscow, Russia",CC BY 2.0
track,track_moscow-gauntlet-track-at-syromyatnichesky-passage-4025785874.jpg,"https://commons.wikimedia.org/wiki/File:Moscow,_gauntlet_track_at_Syromyatnichesky_Passage_(40257858740).jpg","Andrey Filippov 安德烈 from Moscow, Russia",CC BY 2.0
track,track_moscow-gauntlet-track-at-syromyatnichesky-passage-4206559026.jpg,"https://commons.wikimedia.org/wiki/File:Moscow,_gauntlet_track_at_Syromyatnichesky_Passage_(42065590261).jpg","Andrey Filippov 安德烈 from Moscow, Russia",CC BY 2.0
track,track_moscow-gauntlet-track-at-syromyatnichesky-passage-4206559037.jpg,"https://commons.wikimedia.org/wiki/File:Moscow,_gauntlet_track_at_Syromyatnichesky_Passage_(42065590371).jpg","Andrey Filippov 安德烈 from Moscow, Russia",CC BY 2.0
track,track_murthwaite-permanent-way-depot-geograph-org-uk-8089501.jpg,https://commons.wikimedia.org/wiki/File:Murthwaite_Permanent_Way_Depot_-_geograph.org.uk_-_8089501.jpg,Adrian Taylor,CC BY-SA 2.0
track,track_national-tramway-museum-48288613681.jpg,https://commons.wikimedia.org/wiki/File:National_Tramway_Museum_-_48288613681.jpg,Steven's Transport Photos,CC BY 2.0
track,track_not-so-permanent-way-geograph-org-uk-1099991.jpg,https://commons.wikimedia.org/wiki/File:Not-So_Permanent_Way._-_geograph.org.uk_-_1099991.jpg,Tony Mercer,CC BY-SA 2.0
track,track_not-such-a-permanent-way-geograph-org-uk-127998.jpg,https://commons.wikimedia.org/wiki/File:Not_Such_a_Permanent_Way%5E_-_geograph.org.uk_-_127998.jpg,Glyn Baker,CC BY-SA 2.0
track,track_overgrown-permanent-way-hut-geograph-org-uk-1811648.jpg,https://commons.wikimedia.org/wiki/File:Overgrown_Permanent_Way_Hut_-_geograph.org.uk_-_1811648.jpg,Ashley Dace,CC BY-SA 2.0
track,track_permanent-way-concrete-hut-geograph-org-uk-1755448.jpg,https://commons.wikimedia.org/wiki/File:Permanent_Way_concrete_hut_-_geograph.org.uk_-_1755448.jpg,Ashley Dace,CC BY-SA 2.0
track,track_permanent-way-depot-geograph-org-uk-7230895.jpg,https://commons.wikimedia.org/wiki/File:Permanent_way_depot_-_geograph.org.uk_-_7230895.jpg,Bob Harvey,CC BY-SA 2.0
track,track_permanent-way-display-national-tramway-museum-crich-2025-04-.jpg,"https://commons.wikimedia.org/wiki/File:Permanent_way_display_National_Tramway_Museum,_Crich_2025-04-06.jpg",James E. Petts,CC BY-SA 2.0
track,track_permanent-way-fixer-7216574552.jpg,https://commons.wikimedia.org/wiki/File:Permanent_Way_Fixer_(7216574552).jpg,Barry Lewis,CC BY 2.0
track,track_permanent-way-geograph-org-uk-1079563.jpg,https://commons.wikimedia.org/wiki/File:Permanent_way._-_geograph.org.uk_-_1079563.jpg,Harvey Robinson,CC BY-SA 2.0
track,track_permanent-way-geograph-org-uk-1083886.jpg,https://commons.wikimedia.org/wiki/File:Permanent_way._-_geograph.org.uk_-_1083886.jpg,Harvey Robinson,CC BY-SA 2.0
track,track_permanent-way-hut-geograph-org-uk-7625080.jpg,https://commons.wikimedia.org/wiki/File:Permanent_Way_hut_-_geograph.org.uk_-_7625080.jpg,Leanmeanmo,CC BY-SA 2.0
track,track_permanent-way-hut-on-the-way-to-holt-geograph-org-uk-1755442.jpg,https://commons.wikimedia.org/wiki/File:Permanent_Way_hut_on_the_way_to_Holt_-_geograph.org.uk_-_1755442.jpg,Ashley Dace,CC BY-SA 2.0
track,track_permanent-way-inspection-trolley-geograph-org-uk-8237333.jpg,https://commons.wikimedia.org/wiki/File:Permanent_Way_Inspection_Trolley_-_geograph.org.uk_-_8237333.jpg,Adrian Taylor,CC BY-SA 2.0
track,track_permanent-way-of-liverpool-and-manchester-railway-1830.png,"https://commons.wikimedia.org/wiki/File:Permanent_Way_of_Liverpool_and_Manchester_Railway,_1830.png",not stated,Public domain
track,track_permanent-way-of-the-london-and-north-western-railway-1888.png,"https://commons.wikimedia.org/wiki/File:Permanent_Way_of_the_London_and_North-Western_Railway,_1888.png",not stated,Public domain
track,track_permanent-way-train-at-kingswear-geograph-org-uk-8103691.jpg,https://commons.wikimedia.org/wiki/File:Permanent_way_train_at_Kingswear_-_geograph.org.uk_-_8103691.jpg,DS Pugh,CC BY-SA 2.0
track,track_permanent-way-train-larne-geograph-org-uk-1088463.jpg,"https://commons.wikimedia.org/wiki/File:Permanent_way_train,_Larne_-_geograph.org.uk_-_1088463.jpg",Aubrey Dale,CC BY-SA 2.0
track,track_permanent-way-train-lisburn-geograph-org-uk-2088889.jpg,"https://commons.wikimedia.org/wiki/File:Permanent_way_train,_Lisburn_-_geograph.org.uk_-_2088889.jpg",Albert Bridge,CC BY-SA 2.0
track,track_permanent-way-train-whitehead-geograph-org-uk-1084901.jpg,"https://commons.wikimedia.org/wiki/File:Permanent_way_train,_Whitehead_-_geograph.org.uk_-_1084901.jpg",Aubrey Dale,CC BY-SA 2.0
track,track_permanent-way-work-geograph-org-uk-4910373.jpg,https://commons.wikimedia.org/wiki/File:Permanent_Way_work_-_geograph.org.uk_-_4910373.jpg,John Lucas,CC BY-SA 2.0
track,track_permanent-way-yard-at-minffordd-geograph-org-uk-7395507.jpg,https://commons.wikimedia.org/wiki/File:Permanent_way_yard_at_Minffordd_-_geograph.org.uk_-_7395507.jpg,John Lucas,CC BY-SA 2.0
track,track_permanent-way-yard-geograph-org-uk-1389801.jpg,https://commons.wikimedia.org/wiki/File:Permanent_way_yard_-_geograph.org.uk_-_1389801.jpg,Alan Murray-Rust,CC BY-SA 2.0
track,track_permanent-way-yard-winchcombe-geograph-org-uk-7980348.jpg,"https://commons.wikimedia.org/wiki/File:Permanent_way_yard,_Winchcombe_-_geograph.org.uk_-_7980348.jpg",Robin Webster,CC BY-SA 2.0
track,track_permanent-way-yard-winchcombe-geograph-org-uk-7980370.jpg,"https://commons.wikimedia.org/wiki/File:Permanent_way_yard,_Winchcombe_-_geograph.org.uk_-_7980370.jpg",Robin Webster,CC BY-SA 2.0
track,track_pine-creek-rail-steel-sleepers-dsc03637.jpg,https://commons.wikimedia.org/wiki/File:Pine_Creek_Rail_Steel_Sleepers_DSC03637.jpg,Yewenyi at English Wikipedia,CC BY-SA 3.0
track,track_points-switcher-10482084506.jpg,https://commons.wikimedia.org/wiki/File:Points_switcher._(10482084506).jpg,"Bernard Spragg. NZ from Christchurch, New Zealand",CC0
track,track_prr-horseshoe.jpg,https://commons.wikimedia.org/wiki/File:PRR_Horseshoe.jpg,A.P. McDowell,Public domain
track,track_queralbs-10-08-2.jpg,https://commons.wikimedia.org/wiki/File:Queralbs_10.08_(2).jpg,The STB,CC BY-SA 4.0
track,track_rack-railway-turnout-spb.jpg,https://commons.wikimedia.org/wiki/File:Rack_railway_turnout_(SPB).JPG,Kevin Hadley,CC BY-SA 3.0
track,track_rail-switch-heater.jpg,https://commons.wikimedia.org/wiki/File:Rail_Switch_Heater.jpg,Saud,CC BY-SA 4.0
track,track_railroad-switch-2022-11-1667663262.jpg,https://commons.wikimedia.org/wiki/File:Railroad_switch_2022-11_1667663262.webp,Artyom Svetlov,CC BY-SA 4.0
track,track_railroad-switch-2022-11-1667663664.jpg,https://commons.wikimedia.org/wiki/File:Railroad_switch_2022-11_1667663664.webp,Artyom Svetlov,CC BY-SA 4.0
track,track_railroad-switch-animation.jpg,https://commons.wikimedia.org/wiki/File:Railroad_switch_animation.gif,Oliver Brown,Public domain
track,track_railroad-switch-details-a.jpg,https://commons.wikimedia.org/wiki/File:Railroad_switch_details_a.jpg,Xunil,Public domain
track,track_railroad-switch-normal.jpg,https://commons.wikimedia.org/wiki/File:Railroad_switch_normal.jpg,Kristian Petrlík,Public domain
track,track_railroadswitch-20200801-014921.jpg,https://commons.wikimedia.org/wiki/File:RailroadSwitch_20200801_014921.jpg,Ka23 13,CC BY-SA 4.0
track,track_railway-permanent-way-hut-geograph-org-uk-2463439.jpg,https://commons.wikimedia.org/wiki/File:Railway_Permanent_Way_hut_-_geograph.org.uk_-_2463439.jpg,Sandy B,CC BY-SA 2.0
track,track_railway-points-of-meitetsu-bisai-line-and-tsushima-line.jpg,https://commons.wikimedia.org/wiki/File:Railway_points_of_Meitetsu_Bisai_Line_and_Tsushima_Line.jpg,Alpsdake,CC BY-SA 4.0
track,track_railway-track-construction-gang-handling-sleepers-at-track-s.jpg,"https://commons.wikimedia.org/wiki/File:Railway_Track_Construction_Gang_handling_sleepers_at_track%27s_end_prior_to_laying_rails,_1910.jpg",Queensland State Archives,Public domain
track,track_railway-track-damaged.jpg,https://commons.wikimedia.org/wiki/File:Railway_Track_Damaged.JPG,TeWeBs,CC BY-SA 4.0
track,track_railway-turnout-labelled.jpg,https://commons.wikimedia.org/wiki/File:Railway_turnout_labelled.jpg,The original uploader was TeVe at Wikimedia Commons . Modified by Picapica~commonswiki .,Public domain
track,track_railway-turnout-oulu-finland.jpg,https://commons.wikimedia.org/wiki/File:Railway_turnout_-_Oulu_Finland.jpg,Uploaded by TeVe,Public domain
track,track_railway-turnout-with-electric-throw.jpg,https://commons.wikimedia.org/wiki/File:Railway_turnout_with_electric_throw.jpg,TeVe,Public domain
track,track_remains-of-a-permanent-way-hut-geograph-org-uk-1810562.jpg,https://commons.wikimedia.org/wiki/File:Remains_of_a_Permanent_Way_hut_-_geograph.org.uk_-_1810562.jpg,Ashley Dace,CC BY-SA 2.0
track,track_repairs-to-the-permanent-way-geograph-org-uk-3408264.jpg,https://commons.wikimedia.org/wiki/File:Repairs_to_the_permanent_way_-_geograph.org.uk_-_3408264.jpg,Glyn Baker,CC BY-SA 2.0
track,track_rhein-ruhr-express-bauarbeiten-am-pfa-1-1-3137.jpg,https://commons.wikimedia.org/wiki/File:Rhein-Ruhr-Express_-_Bauarbeiten_am_PFA_1.1-3137.jpg,Raimond Spekking,CC BY-SA 4.0
track,track_s02-676-gleisverschlingung-binningerstra-e-be-4-8-212-blt.jpg,"https://commons.wikimedia.org/wiki/File:S02_676_Gleisverschlingung_Binningerstra%C3%9Fe,_Be_4-8_212_BLT.jpg",Falk2,CC BY-SA 4.0
track,track_s02-678-binningerstra-e-gleisverschlingung.jpg,"https://commons.wikimedia.org/wiki/File:S02_678_Binningerstra%C3%9Fe,_Gleisverschlingung.jpg",Falk2,CC BY-SA 4.0
track,track_s02-679-gleisverschlingung-binningerstra-e.jpg,https://commons.wikimedia.org/wiki/File:S02_679_Gleisverschlingung_Binningerstra%C3%9Fe.jpg,Falk2,CC BY-SA 4.0
track,track_s02-681-gleisverschlingung-binningerstra-e-be-6-10.jpg,"https://commons.wikimedia.org/wiki/File:S02_681_Gleisverschlingung_Binningerstra%C3%9Fe,_Be_6-10.jpg",Falk2,CC BY-SA 4.0
track,track_s02-684-gleisverschlingung-binningerstra-e-be-4-8-257.jpg,"https://commons.wikimedia.org/wiki/File:S02_684_Gleisverschlingung_Binningerstra%C3%9Fe,_Be_4-8_257.jpg",Falk2,CC BY-SA 4.0
track,track_s02-685-gleisverschlingung-binningerstra-e-be-4-8-257.jpg,"https://commons.wikimedia.org/wiki/File:S02_685_Gleisverschlingung_Binningerstra%C3%9Fe,_Be_4-8_257.jpg",Falk2,CC BY-SA 4.0
track,track_signal-and-permanent-way-hut-geograph-org-uk-1369457.jpg,https://commons.wikimedia.org/wiki/File:Signal_and_Permanent_way_hut_-_geograph.org.uk_-_1369457.jpg,Ashley Dace,CC BY-SA 2.0
track,track_signal-and-permanent-way-hut-geograph-org-uk-1755440.jpg,https://commons.wikimedia.org/wiki/File:Signal_and_Permanent_way_hut_-_geograph.org.uk_-_1755440.jpg,Ashley Dace,CC BY-SA 2.0
track,track_smart-station-sonoma-county-airport-gauntlet-track-2016-06-0.jpg,https://commons.wikimedia.org/wiki/File:SMART-Station-Sonoma-County-Airport-gauntlet-track-2016-06-07-173221.jpg,Waggie,CC BY-SA 4.0
track,track_steel-sleepers-at-dovey-junction-geograph-org-uk-1085368.jpg,https://commons.wikimedia.org/wiki/File:Steel_sleepers_at_Dovey_Junction_-_geograph.org.uk_-_1085368.jpg,OLU,CC BY-SA 2.0
track,track_tc1908-turnout-1.jpg,https://commons.wikimedia.org/wiki/File:TC1908_Turnout_1.jpg,Andy Sou,CC BY-SA 4.0
track,track_tc1908-turnout-2.jpg,https://commons.wikimedia.org/wiki/File:TC1908_Turnout_2.jpg,Andy Sou,CC BY-SA 4.0
track,track_tc1908-turnout-3.jpg,https://commons.wikimedia.org/wiki/File:TC1908_Turnout_3.jpg,Andy Sou,CC BY-SA 4.0
track,track_tc1908-turnout-4.jpg,https://commons.wikimedia.org/wiki/File:TC1908_Turnout_4.jpg,Andy Sou,CC BY-SA 4.0
track,track_techbr-cke-gleisverschlingung-2.jpg,"https://commons.wikimedia.org/wiki/File:Techbr%C3%BCcke,_Gleisverschlingung_2.jpg",Falk2,CC BY 3.0
track,track_the-permanent-way-at-dunmurry-station-geograph-org-uk-636173.jpg,https://commons.wikimedia.org/wiki/File:The_permanent_way_at_Dunmurry_station_-_geograph.org.uk_-_636173.jpg,Aubrey Dale,CC BY-SA 2.0
track,track_the-permanent-way-board.jpg,https://commons.wikimedia.org/wiki/File:The_permanent_way_board.jpg,LordGarySugar,CC BY 4.0
track,track_tra-hualien-turnout-249.jpg,https://commons.wikimedia.org/wiki/File:TRA_Hualien_Turnout_249.jpg,Andy Sou,CC BY-SA 4.0
track,track_track-bed-grading-for-yard-10-lead-december-2017.jpg,"https://commons.wikimedia.org/wiki/File:Track_bed_grading_for_Yard_10_lead,_December_2017.jpg",MassDOT,Public domain
track,track_trav-turnout-1.jpg,https://commons.wikimedia.org/wiki/File:TRAV_Turnout_1.jpg,Andy Sou,CC BY-SA 4.0
track,track_trav-turnout-2.jpg,https://commons.wikimedia.org/wiki/File:TRAV_Turnout_2.jpg,Andy Sou,CC BY-SA 4.0
track,track_trav-turnout-3.jpg,https://commons.wikimedia.org/wiki/File:TRAV_Turnout_3.jpg,Andy Sou,CC BY-SA 4.0
track,track_trav-turnout-4.jpg,https://commons.wikimedia.org/wiki/File:TRAV_Turnout_4.jpg,Andy Sou,CC BY-SA 4.0
track,track_tualatin-station-platform-view-showing-gauntlet-track-2015.jpg,"https://commons.wikimedia.org/wiki/File:Tualatin_station_platform_view,_showing_gauntlet_track_(2015).jpg",Steve Morgan,CC BY-SA 4.0
track,track_turnout-components.jpg,https://commons.wikimedia.org/wiki/File:Turnout_components.jpg,create by User:Harukaze .,Public domain
track,track_turnout-guide-rail.jpg,https://commons.wikimedia.org/wiki/File:Turnout_guide_rail.jpg,Railmodel,CC0
track,track_turnout-number.jpg,https://commons.wikimedia.org/wiki/File:Turnout_number.jpg,Tokutotoo,CC BY-SA 4.0
track,track_turnout-of-step-system.jpg,https://commons.wikimedia.org/wiki/File:Turnout_of_step_system.jpg,Tokutotoo,CC BY-SA 4.0
track,track_turnout-with-movable-nose-crossing.jpg,https://commons.wikimedia.org/wiki/File:Turnout_with_movable_nose_crossing.jpg,Yaguchi,CC BY-SA 3.0
track,track_usgs-photo-horseshoe-bend-pennsylvania.jpg,https://commons.wikimedia.org/wiki/File:Usgs_photo_horseshoe_bend_pennsylvania.jpg,Decumanus at English Wikipedia,CC BY-SA 3.0
track,track_westbury-permanent-way-depot-geograph-org-uk-4201529.jpg,https://commons.wikimedia.org/wiki/File:Westbury_Permanent_Way_Depot_-_geograph.org.uk_-_4201529.jpg,Jaggery,CC BY-SA 2.0
track,track_workers-manually-levelling-gravel-ballast-in-the-railway-tra.jpg,"https://commons.wikimedia.org/wiki/File:Workers_manually_levelling_gravel_(Ballast)_in_the_railway_track,_Tamil_Nadu_05.jpg",PJeganathan,CC BY-SA 4.0
track,track_zungenmechanismus-weiche-tb.jpg,https://commons.wikimedia.org/wiki/File:Zungenmechanismus_Weiche_TB.jpg,Kleinesfilmröllchen,CC BY 4.0
train,train_2-1592-tem2-1592-diesel-locomotive.jpg,https://commons.wikimedia.org/wiki/File:%D0%A2%D0%B5%D0%BF%D0%BB%D0%BE%D0%B2%D0%BE%D0%B7_%D0%A2%D0%AD%D0%9C2-1592_(TEM2-1592_diesel_locomotive).jpg,Novoklimov,CC0
train,train_2011-07-28-vr-class-sm1-by-ralfr-01.jpg,https://commons.wikimedia.org/wiki/File:2011-07-28-VR_Class_Sm1-by-RalfR-01.jpg,Ralf Roletschek ( talk ) - Fahrradtechnik auf fahrradmonteur.de,FAL
train,train_20230101-ukrainian-railways-passenger-car-at-che-m-train-sta.jpg,https://commons.wikimedia.org/wiki/File:20230101_Ukrainian_Railways_passenger_car_at_Che%C5%82m_train_station.jpg,Maksym Kozlenko,CC BY-SA 4.0
train,train_450-036-at-portsmouth-ssea.jpg,https://commons.wikimedia.org/wiki/File:450_036_at_Portsmouth_%26_SSea.jpg,Three76Five43Nine72,CC BY 4.0
train,train_a-class-350-electric-multiple-unit-at-wolverhampton-geograph.jpg,https://commons.wikimedia.org/wiki/File:A_class_350_electric_multiple_unit_at_Wolverhampton_-_geograph.org.uk_-_7423984.jpg,John Lucas,CC BY-SA 2.0
train,train_a-class-40-diesel-locomotive-and-unknown-other-diesel-worces.jpg,"https://commons.wikimedia.org/wiki/File:A_Class_40_diesel_locomotive_and_unknown_other_diesel,_Worcester_Shrub_Hill_-_geograph.org.uk_-_2806094.jpg",nick macneill,CC BY-SA 2.0
train,train_a-passenger-train-in-neyshabur-train-station.jpg,https://commons.wikimedia.org/wiki/File:A_passenger_train_in_Neyshabur_Train_Station.jpg,Ehsanbasafa,CC BY-SA 4.0
train,train_a-passenger-train-on-platform-3-of-patna-junction.jpg,https://commons.wikimedia.org/wiki/File:A_passenger_train_on_Platform_3_of_Patna_Junction.jpg,Ravi Dwivedi,CC BY-SA 4.0
train,train_a-passenger-train-type-sm3-pendolino-near-the-helsinki-railw.jpg,https://commons.wikimedia.org/wiki/File:A_passenger_train_(type_Sm3_Pendolino)_near_the_Helsinki_railway_station_in_Finland.jpg,Pöllö,CC BY 3.0
train,train_almost-the-last-train-to-ascot-geograph-org-uk-6156317.jpg,https://commons.wikimedia.org/wiki/File:Almost_the_Last_Train_to_Ascot_-_geograph.org.uk_-_6156317.jpg,Peter Trimming,CC BY-SA 2.0
train,train_amerton-railway-deutz-diesel-on-a-passenger-train-geograph-o.jpg,https://commons.wikimedia.org/wiki/File:Amerton_Railway_-_Deutz_Diesel_on_a_passenger_train_-_geograph.org.uk_-_6959282.jpg,Chris Allen,CC BY-SA 2.0
train,train_an-electric-multiple-unit-emu-on-the-lickey-incline-geograph.jpg,https://commons.wikimedia.org/wiki/File:An_electric_multiple_unit_(EMU)_on_the_Lickey_Incline_-_geograph.org.uk_-_7023630.jpg,Chris Allen,CC BY-SA 2.0
train,train_berninabahn-zwischen-lagalb-und-ospizio-bernina-im-winter.jpg,https://commons.wikimedia.org/wiki/File:Berninabahn_zwischen_Lagalb_und_Ospizio_Bernina_im_Winter.jpg,Kabelleger / David Gubler,Public domain
train,train_bredgar-locomotive-bredgar-and-wormshill-light-railway-geogr.jpg,"https://commons.wikimedia.org/wiki/File:%22Bredgar%22_Locomotive,_Bredgar_and_Wormshill_Light_Railway_(geograph_5102970).jpg",Chris Whippet,CC BY-SA 2.0
train,train_charter-train-passes-stabled-electric-multiple-units-geograp.jpg,https://commons.wikimedia.org/wiki/File:Charter_train_passes_stabled_electric_multiple_units_-_geograph.org.uk_-_2933376.jpg,Roger Templeman,CC BY-SA 2.0
train,train_class-331-electric-multiple-unit-at-skipton-station-geograph.jpg,https://commons.wikimedia.org/wiki/File:Class_331_electric_multiple_unit_at_Skipton_Station_-_geograph.org.uk_-_8240945.jpg,Luke Shaw,CC BY-SA 2.0
train,train_class-444-desiro-electric-multiple-unit-train-at-guildford-s.jpg,https://commons.wikimedia.org/wiki/File:Class_444_Desiro_Electric_Multiple-Unit_Train_at_Guildford_Station_-_geograph.org.uk_-_4429230.jpg,David Dixon,CC BY-SA 2.0
train,train_colas-diesel-locomotive-at-bristol-temple-meads-railway-stat.jpg,https://commons.wikimedia.org/wiki/File:Colas_diesel_locomotive_at_Bristol_Temple_Meads_railway_station_-_geograph.org.uk_-_3725098.jpg,Jaggery,CC BY-SA 2.0
train,train_diesel-locomotive-57002-winston-churchill-bedford-station.jpg,"https://commons.wikimedia.org/wiki/File:Diesel_locomotive_57002_Winston_Churchill,_Bedford_Station.jpg",Rmpbedford,CC BY-SA 4.0
train,train_diesel-locomotive-and-train-on-the-fawley-hill-railway-geogr.jpg,https://commons.wikimedia.org/wiki/File:Diesel_locomotive_and_train_on_the_Fawley_Hill_Railway_-_geograph.org.uk_-_7863462.jpg,David Hillas,CC BY-SA 2.0
train,train_diesel-locomotive-at-aylsham-bure-valley-railway-station-geo.jpg,https://commons.wikimedia.org/wiki/File:Diesel_locomotive_at_Aylsham_Bure_Valley_Railway_station_-_geograph.org.uk_-_2450758.jpg,Glen Denny,CC BY-SA 2.0
train,train_diesel-locomotive-at-oxenhope-geograph-org-uk-2531648.jpg,https://commons.wikimedia.org/wiki/File:Diesel_Locomotive_at_Oxenhope_-_geograph.org.uk_-_2531648.jpg,David Dixon,CC BY-SA 2.0
train,train_diesel-locomotive-chme3-5947-in-vinnitsa-railway-station-ukr.jpg,"https://commons.wikimedia.org/wiki/File:Diesel_locomotive_ChME3-5947_in_Vinnitsa_railway_station,_Ukraine,_2012.jpg",George Chernilevsky,CC BY-SA 4.0
train,train_diesel-locomotive-east-hayling-light-railway-2-geograph-3498.jpg,"https://commons.wikimedia.org/wiki/File:Diesel_locomotive,_East_Hayling_Light_Railway_(2)_(geograph_3498774).jpg",nick macneill,CC BY-SA 2.0
train,train_diesel-locomotive-east-hayling-light-railway-geograph-349877.jpg,"https://commons.wikimedia.org/wiki/File:Diesel_locomotive,_East_Hayling_Light_Railway_(geograph_3498770).jpg",nick macneill,CC BY-SA 2.0
train,train_diesel-locomotive-on-the-wensleydale-railway-geograph-org-uk.jpg,https://commons.wikimedia.org/wiki/File:Diesel_Locomotive_on_the_Wensleydale_Railway_-_geograph.org.uk_-_5632796.jpg,Chris Heaton,CC BY-SA 2.0
train,train_diesel-locomotive-used-on-the-kalavasos-railway.jpg,https://commons.wikimedia.org/wiki/File:Diesel_locomotive_used_on_the_Kalavasos_railway.jpg,Tom1955,CC0
train,train_diesel-shunting-locomotive-at-aylsham-bure-valley-railway-st.jpg,https://commons.wikimedia.org/wiki/File:Diesel_Shunting_Locomotive_at_Aylsham_Bure_Valley_Railway_station_(geograph_2450759).jpg,Glen Denny,CC BY-SA 2.0
train,train_diesel-train-at-oxenhope-geograph-org-uk-2531659.jpg,https://commons.wikimedia.org/wiki/File:Diesel_Train_at_Oxenhope_-_geograph.org.uk_-_2531659.jpg,David Dixon,CC BY-SA 2.0
train,train_drs-passenger-train-at-barrow-station-geograph-org-uk-598429.jpg,https://commons.wikimedia.org/wiki/File:DRS_passenger_train_at_Barrow_station_-_geograph.org.uk_-_5984295.jpg,Ian Taylor,CC BY-SA 2.0
train,train_drs-passenger-train-at-lancaster-station-geograph-org-uk-451.jpg,https://commons.wikimedia.org/wiki/File:DRS_passenger_train_at_Lancaster_station_-_geograph.org.uk_-_4512945.jpg,Ian Taylor,CC BY-SA 2.0
train,train_east-lancashire-railway-diesel-train-leaving-bury-geograph-o.jpg,https://commons.wikimedia.org/wiki/File:East_Lancashire_Railway_Diesel_Train_Leaving_Bury_-_geograph.org.uk_-_5740612.jpg,David Dixon,CC BY-SA 2.0
train,train_el-18-2262-ring-br-ttum.jpg,https://commons.wikimedia.org/wiki/File:El_18_2262_Ring_-_Br%C3%B8ttum.jpg,Kabelleger / David Gubler,CC BY-SA 4.0
train,train_electric-multiple-unit-at-west-croydon-geograph-org-uk-15794.jpg,https://commons.wikimedia.org/wiki/File:Electric_multiple-unit_at_West_Croydon_-_geograph.org.uk_-_1579490.jpg,Dr Neil Clifton,CC BY-SA 2.0
train,train_electric-multiple-unit-at-west-croydon-geograph-org-uk-16071.jpg,https://commons.wikimedia.org/wiki/File:Electric_Multiple-unit_at_West_Croydon_-_geograph.org.uk_-_1607127.jpg,Dr Neil Clifton,CC BY-SA 2.0
train,train_electric-multiple-unit-departing-taringa.jpg,https://commons.wikimedia.org/wiki/File:Electric_Multiple_Unit_departing_Taringa.jpg,Sb617 at en.wikipedia,Public domain
train,train_electric-multiple-unit-er2t-7173.jpg,https://commons.wikimedia.org/wiki/File:Electric_multiple_unit_ER2T-7173.jpg,Afternoon,CC BY 2.0
train,train_electric-multiple-unit-er9p-k-252-er9p-254-er9p-81-img-5779-.jpg,https://commons.wikimedia.org/wiki/File:Electric_multiple_unit_ER9P-K-252_ER9P-254_ER9P-81_IMG_5779_1725.jpg,Alexxx1979,CC BY-SA 3.0
train,train_electric-multiple-unit-et2ml-078.jpg,https://commons.wikimedia.org/wiki/File:Electric_multiple_unit_ET2ML-078.jpg,Devyatkino_Rail_Station_Express.JPG : Андрей! derivative work: EvilTeeth ( talk ),CC BY 3.0
train,train_electric-multiple-unit-in-enfield-town-station-geograph-org-.jpg,https://commons.wikimedia.org/wiki/File:Electric_multiple_unit_in_Enfield_Town_Station_-_geograph.org.uk_-_3320514.jpg,Roger Templeman,CC BY-SA 2.0
train,train_electric-multiple-unit-koda-ej-675.jpg,https://commons.wikimedia.org/wiki/File:Electric_Multiple_Unit_%C5%A0koda_EJ_675.jpg,Duvnuj at Ukrainian Wikipedia,GFDL
train,train_electric-multiple-unit-number-331-011-at-platform-1-of-ilkle.jpg,https://commons.wikimedia.org/wiki/File:Electric_multiple_unit_number_331_011_at_Platform_1_of_Ilkley_Station_-_geograph.org.uk_-_8355387.jpg,Luke Shaw,CC BY-SA 2.0
train,train_electric-multiple-unit-train-at-khandallah-station-atlib-307.png,"https://commons.wikimedia.org/wiki/File:Electric_multiple-unit_train,_at_Khandallah_Station_ATLIB_307576.png","Godber, Albert Percy, 1875-1949",Public domain
train,train_ellen-street-station-and-passenger-train-headed-by-sar-loco-.jpg,"https://commons.wikimedia.org/wiki/File:Ellen_Street_station_and_passenger_train_headed_by_SAR_loco_625,_1940_(SLSA_B_30245).jpg",Unknown author Unknown author,Public domain
train,train_ferronor-gr12u-412-montadon-potrerillos.jpg,https://commons.wikimedia.org/wiki/File:Ferronor_GR12U_412_Montadon_-_Potrerillos.jpg,Kabelleger / David Gubler ( http://www.bahnbilder.ch ),CC BY-SA 3.0
train,train_former-south-australian-railways-diesel-electric-locomotive-.jpg,https://commons.wikimedia.org/wiki/File:Former_South_Australian_Railways_diesel-electric_locomotive_no_703_at_National_Railway_Museum_(Bob_Sampson).jpg,Robert Sampson,CC BY-SA 4.0
train,train_former-south-australian-railways-diesel-locomotive-no-930-at.jpg,"https://commons.wikimedia.org/wiki/File:Former_South_Australian_Railways_diesel_locomotive_no_930_at_National_Railway_Museum,_Port_Adelaide,_February_2022.jpg",SCHolar44,CC0
train,train_freight-train-at-ravikampadu-south-central-railway-01.jpg,https://commons.wikimedia.org/wiki/File:Freight_train_at_Ravikampadu_(South_Central_Railway)_01.jpg,Adityamadhav83,CC BY-SA 3.0
train,train_freight-train-at-ravikampadu-south-central-railway-02.jpg,https://commons.wikimedia.org/wiki/File:Freight_train_at_Ravikampadu_(South_Central_Railway)_02.jpg,Adityamadhav83,CC BY-SA 3.0
train,train_freight-train-at-swindon-geograph-org-uk-325202.jpg,https://commons.wikimedia.org/wiki/File:Freight_train_at_Swindon_-_geograph.org.uk_-_325202.jpg,Roger Cornfoot,CC BY-SA 2.0
train,train_front-of-adelaide-metro-4000-class-electric-multiple-unit-tr.jpg,"https://commons.wikimedia.org/wiki/File:Front_of_Adelaide_Metro_4000_class_electric_multiple_unit_train_in_Adelaide_Railway_Station,_February_2023.jpg",No Swan So Fine,CC BY-SA 4.0
train,train_graffiti-and-passenger-train-on-railway-bridge-footscray-mel.jpg,"https://commons.wikimedia.org/wiki/File:Graffiti_and_passenger_train_on_railway_bridge,_Footscray,_Melbourne,_Australia_.jpg",Xyxyzyz,CC BY-SA 4.0
train,train_gusev-passenger-train-2025-05-5354.jpg,https://commons.wikimedia.org/wiki/File:Gusev_passenger_train_2025-05_5354.JPG,Artyom Svetlov,CC BY 4.0
train,train_gwr-dukedog-on-local-passenger-train-in-the-dee-valley-llang.jpg,"https://commons.wikimedia.org/wiki/File:GWR_%27Dukedog%27_on_local_passenger_train_in_the_Dee_valley,_Llangollen_Railway_-_geograph.org.uk_-_6830127.jpg",Martin Tester,CC BY-SA 2.0
train,train_h-2044-between-turcin-and-sveti-ilija.jpg,https://commons.wikimedia.org/wiki/File:H%C5%BD_2044_between_Turcin_and_Sveti_Ilija.jpg,Kabelleger / David Gubler ( http://www.bahnbilder.ch ),CC BY-SA 3.0
train,train_harlingen-spiraalveren-oude-treinwagon-12-07-2021-actm.jpg,https://commons.wikimedia.org/wiki/File:Harlingen._Spiraalveren_oude_treinwagon_12-07-2021._(actm.).jpg,Agnes Monkelbaan,CC BY-SA 4.0
train,train_indian-pacific-passenger-train-2025.jpg,https://commons.wikimedia.org/wiki/File:Indian_Pacific_passenger_train_2025.jpg,Tomoyn,CC BY 4.0
train,train_john-fowler-diesel-mechanical-locomotive-at-toddington-geogr.jpg,https://commons.wikimedia.org/wiki/File:John_Fowler_diesel_mechanical_locomotive_at_Toddington_-_geograph.org.uk_-_8295548.jpg,Chris Allen,CC BY-SA 2.0
train,train_julong-0001-with-passenger-train-at-beijing-railway-station.jpg,https://commons.wikimedia.org/wiki/File:Julong-0001_with_passenger_train_at_Beijing_Railway_Station.jpg,Unknown author Unknown author,Public domain
train,train_kazanskoe-direction-passenger-train-2022-06.jpg,https://commons.wikimedia.org/wiki/File:Kazanskoe_direction_passenger_train_2022-06.jpg,Svetlov Artem,CC0
train,train_lms-electric-multiple-unit-motor-coach-cj-allen-steel-highwa.jpg,"https://commons.wikimedia.org/wiki/File:LMS_electric_multiple_unit_motor-coach_(CJ_Allen,_Steel_Highway,_1928).jpg",Andy Dingley (scanner),Public domain
train,train_locomotive-epl2t-on-train-station-in-donetsk.jpg,https://commons.wikimedia.org/wiki/File:Locomotive_EPL2T_on_train_station_in_Donetsk.jpg,Andrey Butko,CC BY-SA 3.0
train,train_locomotive-hauled-passenger-train-in-newport-railway-station.jpg,https://commons.wikimedia.org/wiki/File:Locomotive_hauled_passenger_train_in_Newport_railway_station_-_geograph.org.uk_-_5286081.jpg,Jaggery,CC BY-SA 2.0
train,train_marshall-and-east-texas-railway-passenger-train.jpg,https://commons.wikimedia.org/wiki/File:Marshall_and_East_Texas_Railway_Passenger_Train.jpg,Collection of the Historic Upshur Museum,Public domain
train,train_mixed-passenger-and-goods-train-on-the-great-northern-railwa.jpg,"https://commons.wikimedia.org/wiki/File:Mixed_(passenger_and_goods)_train_on_the_Great_Northern_Railway,_South_Australia_(later,_Central_Australia_Railway),_travelling_south_between_Hookina_railway_siding_and_Hawker,_about_1910.jpg",Unknown author Unknown author,Public domain
train,train_northern-class-333-electric-multiple-unit-at-ilkley-geograph.jpg,https://commons.wikimedia.org/wiki/File:Northern_class_333_electric_multiple_unit_at_Ilkley_-_geograph.org.uk_-_7808110.jpg,David Robinson,CC BY-SA 2.0
train,train_pacer-passenger-train-geograph-org-uk-5708251.jpg,https://commons.wikimedia.org/wiki/File:Pacer_passenger_train_-_geograph.org.uk_-_5708251.jpg,Philip Halling,CC BY-SA 2.0
train,train_passenger-train-approaching-harrington-railway-station-geogr.jpg,https://commons.wikimedia.org/wiki/File:Passenger_Train_Approaching_Harrington_Railway_Station_-_geograph.org.uk_-_5870749.jpg,David Robinson,CC BY-SA 2.0
train,train_passenger-train-ashover-light-railway.jpg,https://commons.wikimedia.org/wiki/File:Passenger_Train._Ashover_Light_Railway.jpg,Unknown photographer,Public domain
train,train_passenger-train-at-birdhill-geograph-org-uk-3132688.jpg,https://commons.wikimedia.org/wiki/File:Passenger_train_at_Birdhill_-_geograph.org.uk_-_3132688.jpg,The Carlisle Kid,CC BY-SA 2.0
train,train_passenger-train-at-moate-station-geograph-2368132.jpg,https://commons.wikimedia.org/wiki/File:Passenger_train_at_Moate_station_(geograph_2368132).jpg,The Carlisle Kid,CC BY-SA 2.0
train,train_passenger-train-by-the-railway-hut-at-rickle-craig-geograph-.jpg,https://commons.wikimedia.org/wiki/File:Passenger_train_by_the_railway_hut_at_Rickle_Craig_-_geograph.org.uk_-_6706548.jpg,Andrew Diack,CC BY-SA 2.0
train,train_passenger-train-car-for-black-river-and-western-railroad-tra.jpg,https://commons.wikimedia.org/wiki/File:Passenger_Train_Car_for_Black_River_and_Western_Railroad_Train_Interior.jpg,SeichanGant,CC BY-SA 4.0
train,train_passenger-train-leaving-birdhill-geograph-org-uk-3132640.jpg,https://commons.wikimedia.org/wiki/File:Passenger_train_leaving_Birdhill_-_geograph.org.uk_-_3132640.jpg,The Carlisle Kid,CC BY-SA 2.0
train,train_passenger-train-trans-caspian-rwy-turkmenistan.jpg,https://commons.wikimedia.org/wiki/File:Passenger-train-Trans-Caspian-Rwy-Turkmenistan.jpg,Allan Mustard,CC BY-SA 4.0
train,train_passengers-on-train-in-sri-lanka.jpg,https://commons.wikimedia.org/wiki/File:Passengers_on_train_in_Sri_Lanka.jpg,Stefano Annovazzi Lodi,CC BY-SA 2.0
train,train_preserved-diesel-locomotives-loughborough-geograph-org-uk-27.jpg,https://commons.wikimedia.org/wiki/File:Preserved_diesel_locomotives_-_Loughborough_-_geograph.org.uk_-_2783659.jpg,Chris Allen,CC BY-SA 2.0
train,train_queensland-rail-electric-multiple-unit-emu-20-and-city-of-ma.jpg,https://commons.wikimedia.org/wiki/File:Queensland_Rail_Electric_Multiple_Unit_EMU-20_and_City_of_Maryborough_tilt_train_Platform_10_Roma_Street_Station_Brisbane_P1280706.jpg,John Robert McPherson,CC BY-SA 4.0
train,train_queensland-rail-electric-multiple-unit-emu-29-and-city-of-ma.jpg,https://commons.wikimedia.org/wiki/File:Queensland_Rail_Electric_Multiple_Unit_EMU-29_and_City_of_Maryborough_tilt_train_Platform_10_Roma_Street_Station_Brisbane_P1310351.jpg,John Robert McPherson,CC BY-SA 4.0
train,train_queensland-rail-electric-multiple-unit-emu-34-and-city-of-ma.jpg,https://commons.wikimedia.org/wiki/File:Queensland_Rail_Electric_Multiple_Unit_EMU-34_and_City_of_Maryborough_Roma_Street_Railway_Station_Brisbane_P1280968.jpg,John Robert McPherson,CC BY-SA 4.0
train,train_queensland-rail-electric-multiple-unit-emu-56-shorncliffe-tr.jpg,https://commons.wikimedia.org/wiki/File:Queensland_Rail_Electric_Multiple_Unit_EMU-56_Shorncliffe_train_departs_Platform_6_Central_Rail_Station_Brisbane_IMGP4749.jpg,John Robert McPherson,CC BY-SA 4.0
train,train_queensland-rail-electric-multiple-unit-emu-60-geebung-railwa.jpg,https://commons.wikimedia.org/wiki/File:Queensland_Rail_Electric_Multiple_Unit_EMU-60_Geebung_Railway_Station_P1280589.jpg,John Robert McPherson,CC BY-SA 4.0
train,train_queensland-rail-electric-multiple-unit-emu-64-and-altostratu.jpg,https://commons.wikimedia.org/wiki/File:Queensland_Rail_Electric_Multiple_Unit_EMU-64_and_Altostratus_Geebung_Railway_Station_P1220541.jpg,John Robert McPherson,CC BY-SA 4.0
train,train_queensland-rail-electric-multiple-unit-emu-72-geebung-railwa.jpg,https://commons.wikimedia.org/wiki/File:Queensland_Rail_Electric_Multiple_Unit_EMU-72_Geebung_Railway_Station_P1280590.jpg,John Robert McPherson,CC BY-SA 4.0
train,train_queensland-rail-electric-multiple-unit-emu-83-geebung-railwa.jpg,https://commons.wikimedia.org/wiki/File:Queensland_Rail_Electric_Multiple_Unit_EMU-83_Geebung_Railway_Station_P1280934.jpg,John Robert McPherson,CC BY-SA 4.0
train,train_railway-station-kreiensen-1963.jpg,https://commons.wikimedia.org/wiki/File:Railway_station_Kreiensen_1963.JPG,Michael Gäbler,CC BY 3.0
train,train_red-clay-jana-p1100324.jpg,"https://commons.wikimedia.org/wiki/File:Red_Clay,_Jana_(P1100324).jpg",Matti Blume,CC BY-SA 4.0
train,train_regiojet-class-193-stre-no.jpg,https://commons.wikimedia.org/wiki/File:RegioJet_class_193_Stre%C4%8Dno.jpg,Kabelleger / David Gubler,CC BY-SA 4.0
train,train_regionalzug-auf-der-berninalinie-am-lago-bianco.jpg,https://commons.wikimedia.org/wiki/File:Regionalzug_auf_der_Berninalinie_am_Lago_Bianco.JPG,"Feel free to use my photos, but please mention me as the author and if you want send me a message . or ( rufre@lenz-nenning.at )",CC BY-SA 3.0 at
train,train_romanian-railway-cfr-fast-passenger-train.jpg,https://commons.wikimedia.org/wiki/File:Romanian_Railway_(CFR)_Fast_Passenger_Train.jpg,"Gary Lee Todd, Ph.D.",CC0
train,train_ruston-hornsby-diesel-locomotive-helston-railway-geograph-54.jpg,https://commons.wikimedia.org/wiki/File:Ruston_%26_Hornsby_diesel_locomotive_-_Helston_Railway_(geograph_5416385).jpg,Chris Allen,CC BY-SA 2.0
train,train_sabah-state-railway-passenger-waiting-for-train-01.jpg,https://commons.wikimedia.org/wiki/File:Sabah_State_Railway_Passenger-waiting-for-train-01.jpg,"CEphoto, Uwe Aranas",CC BY-SA 3.0
train,train_saint-petersburg-russian-railway-museum-diesel-locomotive-an.jpg,https://commons.wikimedia.org/wiki/File:Saint_Petersburg._Russian_Railway_Museum._Diesel_Locomotive_and_Power_Generator_TGe-016_P7212963_2200.jpg,Alexxx1979,CC BY-SA 4.0
train,train_saint-petersburg-russian-railway-museum-diesel-locomotive-da.jpg,https://commons.wikimedia.org/wiki/File:Saint_Petersburg._Russian_Railway_Museum._Diesel_locomotive_DA20-09_P7212953_2200.jpg,Alexxx1979,CC BY-SA 4.0
train,train_saint-petersburg-russian-railway-museum-diesel-locomotive-sh.jpg,https://commons.wikimedia.org/wiki/File:Saint_Petersburg._Russian_Railway_Museum._Diesel_locomotive_Shch-EL-1_P7212917_2200.jpg,Alexxx1979,CC BY-SA 4.0
train,train_saint-petersburg-russian-railway-museum-diesel-locomotive-te.jpg,https://commons.wikimedia.org/wiki/File:Saint_Petersburg._Russian_Railway_Museum._Diesel_locomotive_TE3-1001_P7212955_2200.jpg,Alexxx1979,CC BY-SA 4.0
train,train_saint-petersburg-russian-railway-museum-te2-414-diesel-locom.jpg,https://commons.wikimedia.org/wiki/File:Saint_Petersburg._Russian_Railway_Museum._TE2-414_diesel_locomotive_P7212869_2200.jpg,Alexxx1979,CC BY-SA 4.0
train,train_saint-petersburg-russian-railway-museum-tep10-163-diesel-loc.jpg,https://commons.wikimedia.org/wiki/File:Saint_Petersburg._Russian_Railway_Museum._TEP10-163_diesel_locomotive_P7212866_2200.jpg,Alexxx1979,CC BY-SA 4.0
train,train_saliwangan-sabah-diesel-lokomotive-6105-01.jpg,https://commons.wikimedia.org/wiki/File:Saliwangan_Sabah_Diesel-lokomotive-6105-01.jpg,"CEphoto, Uwe Aranas",CC BY-SA 3.0
train,train_severn-valley-railway-diesel-locomotives-at-bridgnorth-geogr.jpg,https://commons.wikimedia.org/wiki/File:Severn_Valley_Railway_-_diesel_locomotives_at_Bridgnorth_-_geograph.org.uk_-_8319416.jpg,Chris Allen,CC BY-SA 2.0
train,train_side-view-of-passenger-car-with-livery-of-the-ghan-train-gre.jpg,https://commons.wikimedia.org/wiki/File:Side_view_of_passenger_car_with_livery_of_The_Ghan_train_(Great_Southern_Railway).jpg,Beau Wade,CC BY 2.0
train,train_sm1-multiple-unit-in-motion-in-helsinki-finland-2011-februar.jpg,"https://commons.wikimedia.org/wiki/File:Sm1_multiple_unit_in_motion_in_Helsinki,_Finland,_2011_February.jpg",Vestman,CC BY 2.0
train,train_south-australian-railways-all-steel-main-line-passenger-car-.png,https://commons.wikimedia.org/wiki/File:South_Australian_Railways_all-steel_main_line_passenger_car_design_of_1923.png,South Australian Railways,Public domain
train,train_south-west-train-platform-5-guildford-station-geograph-org-u.jpg,"https://commons.wikimedia.org/wiki/File:South_West_Train,_Platform_5,_Guildford_Station_-_geograph.org.uk_-_5210779.jpg",N Chadwick,CC BY-SA 2.0
train,train_statfold-barn-railway-diesel-locomotive-geograph-3911882.jpg,https://commons.wikimedia.org/wiki/File:Statfold_Barn_Railway_-_diesel_locomotive_(geograph_3911882).jpg,Chris Allen,CC BY-SA 2.0
train,train_statfold-barn-railway-diesel-locomotive-geograph-3924573.jpg,https://commons.wikimedia.org/wiki/File:Statfold_Barn_Railway_-_diesel_locomotive_(geograph_3924573).jpg,Chris Allen,CC BY-SA 2.0
train,train_statfold-barn-railway-motor-rail-locomotive-geograph-4215905.jpg,https://commons.wikimedia.org/wiki/File:Statfold_Barn_Railway_-_Motor_Rail_locomotive_(geograph_4215905).jpg,Chris Allen,CC BY-SA 2.0
train,train_tanat-valley-light-railway-diesel-locomotive-geograph-org-uk.jpg,https://commons.wikimedia.org/wiki/File:Tanat_Valley_Light_Railway_-_diesel_locomotive_-_geograph.org.uk_-_8300156.jpg,Chris Allen,CC BY-SA 2.0
train,train_the-overland-passenger-train-ararat-victoria.jpg,https://commons.wikimedia.org/wiki/File:The_Overland_passenger_train_Ararat_Victoria.jpg,Tomoyn,CC BY 4.0
train,train_threlkeld-quarry-mine-museum-passenger-train-geograph-458675.jpg,https://commons.wikimedia.org/wiki/File:Threlkeld_Quarry_%26_Mine_Museum_-_passenger_train_(geograph_4586753).jpg,Chris Allen,CC BY-SA 2.0
train,train_train-approaching-corkickle-railway-station-geograph-org-uk-.jpg,https://commons.wikimedia.org/wiki/File:Train_Approaching_Corkickle_Railway_Station_-_geograph.org.uk_-_5874168.jpg,David Robinson,CC BY-SA 2.0
train,train_train-to-kolari-at-pasila-railway-station.jpg,https://commons.wikimedia.org/wiki/File:Train_to_Kolari_at_Pasila_railway_station.jpg,JIP,CC BY-SA 4.0
train,train_train-wreck-at-montparnasse-1895.jpg,https://commons.wikimedia.org/wiki/File:Train_wreck_at_Montparnasse_1895.jpg,"Photo credited to the firm Levy & fils by this site . (It is credited to a photographer ""Kuhn"" by another publisher [1] .)",Public domain
train,train_ubtz-2te116um-022-cagaan-had-sumangijn-zoo.jpg,https://commons.wikimedia.org/wiki/File:UBTZ_2TE116UM-022_Cagaan_Had_-_Sumangijn_Zoo.jpg,Kabelleger / David Gubler,CC BY-SA 4.0
train,train_unusual-locomotive-in-charge-of-passenger-train-in-a-gloomy-.jpg,https://commons.wikimedia.org/wiki/File:Unusual_locomotive_in_charge_of_passenger_train_in_a_gloomy_New_Street_Station_-_geograph.org.uk_-_2269050.jpg,Roger Templeman,CC BY-SA 2.0
train,train_up-freight-train-at-newport-high-street-station-geograph-org.jpg,https://commons.wikimedia.org/wiki/File:Up_freight_train_at_Newport_High_Street_Station_-_geograph.org.uk_-_2127054.jpg,Ben Brooksbank,CC BY-SA 2.0
train,train_vr-sm1-ulkokuva.jpg,https://commons.wikimedia.org/wiki/File:VR_Sm1_ulkokuva.jpg,SimoM at fi.wikipedia,CC BY-SA 3.0
train,train_westbury-westbury-railway-station-and-freight-train-geograph.jpg,"https://commons.wikimedia.org/wiki/File:Westbury_,_Westbury_Railway_Station_and_Freight_Train_-_geograph.org.uk_-_1324729.jpg",Lewis Clarke,CC BY-SA 2.0
train,train_westbury-westbury-railway-station-and-hanson-freight-train-g.jpg,"https://commons.wikimedia.org/wiki/File:Westbury_,_Westbury_Railway_Station_and_Hanson_Freight_Train_-_geograph.org.uk_-_1324746.jpg",Lewis Clarke,CC BY-SA 2.0
